"region","year","name","colour","area","density","population","total"
"northern_america",0,"Northern America","#577aaf",0,0,0,0
"northern_america",100,"Northern America","#577aaf",0,0,0,0
"northern_america",200,"Northern America","#577aaf",0,0,0,0
"northern_america",300,"Northern America","#577aaf",0,0,0,0
"northern_america",400,"Northern America","#577aaf",0,0,0,0
"northern_america",500,"Northern America","#577aaf",0,0,0,0
"northern_america",600,"Northern America","#577aaf",0,0,0,0
"northern_america",700,"Northern America","#577aaf",0,0,0,0
"northern_america",800,"Northern America","#577aaf",0,0,0,0
"northern_america",900,"Northern America","#577aaf",0,0,0,0
"northern_america",1000,"Northern America","#577aaf",0,0,1,1
"northern_america",1100,"Northern America","#577aaf",0,0,1,1
"northern_america",1200,"Northern America","#577aaf",0,0,1,1
"northern_america",1300,"Northern America","#577aaf",0,0,1,1
"northern_america",1400,"Northern America","#577aaf",0,0,1,1
"northern_america",1500,"Northern America","#577aaf",0,0,2,2
"northern_america",1600,"Northern America","#577aaf",0,0,2,2
"northern_america",1700,"Northern America","#577aaf",0,0,4,4
"northern_america",1710,"Northern America","#577aaf",0,0,5,5
"northern_america",1720,"Northern America","#577aaf",0,0,6,6
"northern_america",1730,"Northern America","#577aaf",0,0,6,6
"northern_america",1740,"Northern America","#577aaf",0,0,6,6
"northern_america",1750,"Northern America","#577aaf",0,0,9,9
"northern_america",1760,"Northern America","#577aaf",0,0,9,9
"northern_america",1770,"Northern America","#577aaf",0,0,9,9
"northern_america",1780,"Northern America","#577aaf",0,0,10,10
"northern_america",1790,"Northern America","#577aaf",0,0,21,21
"northern_america",1800,"Northern America","#577aaf",30,30,30,90
"northern_america",1810,"Northern America","#577aaf",34,34,34,102
"northern_america",1820,"Northern America","#577aaf",36,36,36,108
"northern_america",1830,"Northern America","#577aaf",43,43,43,129
"northern_america",1840,"Northern America","#577aaf",57,57,57,171
"northern_america",1850,"Northern America","#577aaf",80,79,79,238
"northern_america",1860,"Northern America","#577aaf",102,101,101,304
"northern_america",1870,"Northern America","#577aaf",117,116,116,349
"northern_america",1880,"Northern America","#577aaf",128,127,127,382
"northern_america",1890,"Northern America","#577aaf",148,147,147,442
"northern_america",1900,"Northern America","#577aaf",980,979,979,2938
"northern_america",1910,"Northern America","#577aaf",1089,1088,1089,3266
"northern_america",1920,"Northern America","#577aaf",1122,1121,1121,3364
"northern_america",1930,"Northern America","#577aaf",1149,1147,1147,3443
"northern_america",1940,"Northern America","#577aaf",1604,1602,1602,4808
"northern_america",1950,"Northern America","#577aaf",1691,1689,1689,5069
"northern_america",1951,"Northern America","#577aaf",1736,1733,1737,5206
"northern_america",1952,"Northern America","#577aaf",1735,1732,1732,5199
"northern_america",1953,"Northern America","#577aaf",1735,1733,1733,5201
"northern_america",1954,"Northern America","#577aaf",1735,1733,1733,5201
"northern_america",1955,"Northern America","#577aaf",1735,1732,1732,5199
"northern_america",1956,"Northern America","#577aaf",1735,1732,1732,5199
"northern_america",1957,"Northern America","#577aaf",1735,1732,1732,5199
"northern_america",1958,"Northern America","#577aaf",1735,1731,1731,5197
"northern_america",1959,"Northern America","#577aaf",1735,1731,1731,5197
"northern_america",1960,"Northern America","#577aaf",1923,1918,1920,5761
"northern_america",1961,"Northern America","#577aaf",1938,1933,1939,5810
"northern_america",1962,"Northern America","#577aaf",1938,1933,1933,5804
"northern_america",1963,"Northern America","#577aaf",1938,1933,1933,5804
"northern_america",1964,"Northern America","#577aaf",1938,1933,1933,5804
"northern_america",1965,"Northern America","#577aaf",1938,1932,1932,5802
"northern_america",1966,"Northern America","#577aaf",1942,1937,1938,5817
"northern_america",1967,"Northern America","#577aaf",1942,1937,1937,5816
"northern_america",1968,"Northern America","#577aaf",1942,1937,1937,5816
"northern_america",1969,"Northern America","#577aaf",1942,1937,1937,5816
"northern_america",1970,"Northern America","#577aaf",2025,2020,2025,6070
"northern_america",1971,"Northern America","#577aaf",2048,2042,2051,6141
"northern_america",1972,"Northern America","#577aaf",2048,2043,2043,6134
"northern_america",1973,"Northern America","#577aaf",2048,2043,2043,6134
"northern_america",1974,"Northern America","#577aaf",2048,2043,2043,6134
"northern_america",1975,"Northern America","#577aaf",114,114,114,342
"northern_america",1976,"Northern America","#577aaf",114,114,114,342
"northern_america",1977,"Northern America","#577aaf",114,114,114,342
"northern_america",1978,"Northern America","#577aaf",114,114,114,342
"northern_america",1979,"Northern America","#577aaf",114,114,114,342
"northern_america",1980,"Northern America","#577aaf",128,128,128,384
"northern_america",1981,"Northern America","#577aaf",128,128,128,384
"northern_america",1982,"Northern America","#577aaf",128,128,128,384
"northern_america",1983,"Northern America","#577aaf",128,128,128,384
"northern_america",1984,"Northern America","#577aaf",128,128,128,384
"northern_america",1985,"Northern America","#577aaf",135,135,135,405
"northern_america",1986,"Northern America","#577aaf",135,135,135,405
"northern_america",1987,"Northern America","#577aaf",135,135,135,405
"northern_america",1988,"Northern America","#577aaf",135,135,135,405
"northern_america",1989,"Northern America","#577aaf",135,135,135,405
"northern_america",1990,"Northern America","#577aaf",149,149,149,447
"northern_america",1991,"Northern America","#577aaf",149,149,149,447
"northern_america",1992,"Northern America","#577aaf",149,149,149,447
"northern_america",1993,"Northern America","#577aaf",149,149,149,447
"northern_america",1994,"Northern America","#577aaf",149,149,149,447
"northern_america",1995,"Northern America","#577aaf",190,190,190,570
"northern_america",1996,"Northern America","#577aaf",190,190,190,570
"northern_america",1997,"Northern America","#577aaf",190,190,190,570
"northern_america",1998,"Northern America","#577aaf",190,190,190,570
"northern_america",1999,"Northern America","#577aaf",190,190,190,570
"northern_america",2000,"Northern America","#577aaf",223,223,223,669
"northern_america",2001,"Northern America","#577aaf",223,223,223,669
"northern_america",2002,"Northern America","#577aaf",223,223,223,669
"northern_america",2003,"Northern America","#577aaf",223,223,223,669
"northern_america",2004,"Northern America","#577aaf",223,223,223,669
"northern_america",2005,"Northern America","#577aaf",254,254,254,762
"northern_america",2006,"Northern America","#577aaf",254,254,254,762
"northern_america",2007,"Northern America","#577aaf",254,254,254,762
"northern_america",2008,"Northern America","#577aaf",254,254,254,762
"northern_america",2009,"Northern America","#577aaf",254,254,254,762
"northern_america",2010,"Northern America","#577aaf",299,299,299,897
"northern_america",2011,"Northern America","#577aaf",299,299,299,897
"northern_america",2012,"Northern America","#577aaf",299,299,299,897
"northern_america",2013,"Northern America","#577aaf",299,299,299,897
"northern_america",2014,"Northern America","#577aaf",299,299,299,897
"northern_america",2015,"Northern America","#577aaf",333,333,333,999
"northern_america",2016,"Northern America","#577aaf",333,333,333,999
"northern_america",2017,"Northern America","#577aaf",333,333,333,999
"northern_america",2018,"Northern America","#577aaf",333,333,333,999
"northern_america",2019,"Northern America","#577aaf",333,333,333,999
"northern_america",2020,"Northern America","#577aaf",370,370,370,1110
"northern_america",2021,"Northern America","#577aaf",333,333,333,999
"northern_america",2022,"Northern America","#577aaf",333,333,333,999
"northern_america",2023,"Northern America","#577aaf",333,333,333,999
"northern_america",-1000,"Northern America","#577aaf",0,0,0,0
"northern_america",-2000,"Northern America","#577aaf",0,0,0,0
"northern_america",-3000,"Northern America","#577aaf",0,0,0,0
"northern_america",-4000,"Northern America","#577aaf",0,0,0,0
"northern_america",-5000,"Northern America","#577aaf",0,0,0,0
"northern_america",-6000,"Northern America","#577aaf",0,0,0,0
"northern_america",-7000,"Northern America","#577aaf",0,0,0,0
"northern_america",-8000,"Northern America","#577aaf",0,0,0,0
"northern_america",-9000,"Northern America","#577aaf",0,0,0,0
"northern_america",-10000,"Northern America","#577aaf",0,0,0,0
"northern_america",2024,"Northern America","#577aaf",333,333,333,999
"northern_america",2025,"Northern America","#577aaf",387,387,387,1161
"latin_america",0,"Latin America","#47a565",0,0,6,6
"latin_america",100,"Latin America","#47a565",0,0,6,6
"latin_america",200,"Latin America","#47a565",0,0,6,6
"latin_america",300,"Latin America","#47a565",0,0,6,6
"latin_america",400,"Latin America","#47a565",0,0,6,6
"latin_america",500,"Latin America","#47a565",0,0,6,6
"latin_america",600,"Latin America","#47a565",0,0,6,6
"latin_america",700,"Latin America","#47a565",0,0,6,6
"latin_america",800,"Latin America","#47a565",0,0,8,8
"latin_america",900,"Latin America","#47a565",0,0,6,6
"latin_america",1000,"Latin America","#47a565",0,0,6,6
"latin_america",1100,"Latin America","#47a565",0,0,7,7
"latin_america",1200,"Latin America","#47a565",0,0,8,8
"latin_america",1300,"Latin America","#47a565",0,0,11,11
"latin_america",1400,"Latin America","#47a565",0,0,14,14
"latin_america",1500,"Latin America","#47a565",0,0,22,22
"latin_america",1600,"Latin America","#47a565",0,0,42,42
"latin_america",1700,"Latin America","#47a565",0,0,50,50
"latin_america",1710,"Latin America","#47a565",0,0,50,50
"latin_america",1720,"Latin America","#47a565",0,0,50,50
"latin_america",1730,"Latin America","#47a565",0,0,50,50
"latin_america",1740,"Latin America","#47a565",0,0,51,51
"latin_america",1750,"Latin America","#47a565",0,0,54,54
"latin_america",1760,"Latin America","#47a565",0,0,54,54
"latin_america",1770,"Latin America","#47a565",0,0,57,57
"latin_america",1780,"Latin America","#47a565",0,0,58,58
"latin_america",1790,"Latin America","#47a565",0,0,62,62
"latin_america",1800,"Latin America","#47a565",82,82,82,246
"latin_america",1810,"Latin America","#47a565",82,82,82,246
"latin_america",1820,"Latin America","#47a565",85,85,85,255
"latin_america",1830,"Latin America","#47a565",89,89,89,267
"latin_america",1840,"Latin America","#47a565",92,92,92,276
"latin_america",1850,"Latin America","#47a565",110,110,111,331
"latin_america",1860,"Latin America","#47a565",135,135,135,405
"latin_america",1870,"Latin America","#47a565",172,172,172,516
"latin_america",1880,"Latin America","#47a565",283,283,283,849
"latin_america",1890,"Latin America","#47a565",355,354,354,1063
"latin_america",1900,"Latin America","#47a565",651,650,650,1951
"latin_america",1910,"Latin America","#47a565",884,883,883,2650
"latin_america",1920,"Latin America","#47a565",957,956,956,2869
"latin_america",1930,"Latin America","#47a565",1074,1071,1071,3216
"latin_america",1940,"Latin America","#47a565",1314,1312,1312,3938
"latin_america",1950,"Latin America","#47a565",1796,1789,1790,5375
"latin_america",1951,"Latin America","#47a565",1796,1789,1789,5374
"latin_america",1952,"Latin America","#47a565",1840,1833,1834,5507
"latin_america",1953,"Latin America","#47a565",1845,1837,1837,5519
"latin_america",1954,"Latin America","#47a565",1875,1867,1867,5609
"latin_america",1955,"Latin America","#47a565",1875,1867,1867,5609
"latin_america",1956,"Latin America","#47a565",1875,1866,1866,5607
"latin_america",1957,"Latin America","#47a565",1875,1866,1866,5607
"latin_america",1958,"Latin America","#47a565",1875,1866,1866,5607
"latin_america",1959,"Latin America","#47a565",1875,1865,1865,5605
"latin_america",1960,"Latin America","#47a565",2062,2051,2053,6166
"latin_america",1961,"Latin America","#47a565",2108,2097,2107,6312
"latin_america",1962,"Latin America","#47a565",2124,2114,2114,6352
"latin_america",1963,"Latin America","#47a565",2219,2209,2209,6637
"latin_america",1964,"Latin America","#47a565",2223,2213,2215,6651
"latin_america",1965,"Latin America","#47a565",2229,2218,2218,6665
"latin_america",1966,"Latin America","#47a565",2226,2215,2215,6656
"latin_america",1967,"Latin America","#47a565",2250,2239,2245,6734
"latin_america",1968,"Latin America","#47a565",2367,2356,2356,7079
"latin_america",1969,"Latin America","#47a565",2379,2368,2369,7116
"latin_america",1970,"Latin America","#47a565",2475,2462,2485,7422
"latin_america",1971,"Latin America","#47a565",2459,2446,2455,7360
"latin_america",1972,"Latin America","#47a565",2465,2453,2453,7371
"latin_america",1973,"Latin America","#47a565",2495,2482,2482,7459
"latin_america",1974,"Latin America","#47a565",2483,2470,2483,7436
"latin_america",1975,"Latin America","#47a565",372,372,372,1116
"latin_america",1976,"Latin America","#47a565",372,372,372,1116
"latin_america",1977,"Latin America","#47a565",372,372,372,1116
"latin_america",1978,"Latin America","#47a565",372,372,372,1116
"latin_america",1979,"Latin America","#47a565",372,372,372,1116
"latin_america",1980,"Latin America","#47a565",446,446,446,1338
"latin_america",1981,"Latin America","#47a565",446,446,446,1338
"latin_america",1982,"Latin America","#47a565",446,446,446,1338
"latin_america",1983,"Latin America","#47a565",446,446,446,1338
"latin_america",1984,"Latin America","#47a565",446,446,446,1338
"latin_america",1985,"Latin America","#47a565",514,514,514,1542
"latin_america",1986,"Latin America","#47a565",514,514,514,1542
"latin_america",1987,"Latin America","#47a565",514,514,514,1542
"latin_america",1988,"Latin America","#47a565",514,514,514,1542
"latin_america",1989,"Latin America","#47a565",514,514,514,1542
"latin_america",1990,"Latin America","#47a565",576,576,576,1728
"latin_america",1991,"Latin America","#47a565",576,576,576,1728
"latin_america",1992,"Latin America","#47a565",576,576,576,1728
"latin_america",1993,"Latin America","#47a565",576,576,576,1728
"latin_america",1994,"Latin America","#47a565",576,576,576,1728
"latin_america",1995,"Latin America","#47a565",673,673,673,2019
"latin_america",1996,"Latin America","#47a565",673,673,673,2019
"latin_america",1997,"Latin America","#47a565",673,673,673,2019
"latin_america",1998,"Latin America","#47a565",673,673,673,2019
"latin_america",1999,"Latin America","#47a565",673,673,673,2019
"latin_america",2000,"Latin America","#47a565",752,752,752,2256
"latin_america",2001,"Latin America","#47a565",752,752,752,2256
"latin_america",2002,"Latin America","#47a565",752,752,752,2256
"latin_america",2003,"Latin America","#47a565",752,752,752,2256
"latin_america",2004,"Latin America","#47a565",752,752,752,2256
"latin_america",2005,"Latin America","#47a565",829,829,829,2487
"latin_america",2006,"Latin America","#47a565",829,829,829,2487
"latin_america",2007,"Latin America","#47a565",829,829,829,2487
"latin_america",2008,"Latin America","#47a565",829,829,829,2487
"latin_america",2009,"Latin America","#47a565",829,829,829,2487
"latin_america",2010,"Latin America","#47a565",899,899,899,2697
"latin_america",2011,"Latin America","#47a565",899,899,899,2697
"latin_america",2012,"Latin America","#47a565",899,899,899,2697
"latin_america",2013,"Latin America","#47a565",899,899,899,2697
"latin_america",2014,"Latin America","#47a565",899,899,899,2697
"latin_america",2015,"Latin America","#47a565",976,976,976,2928
"latin_america",2016,"Latin America","#47a565",976,976,976,2928
"latin_america",2017,"Latin America","#47a565",976,976,976,2928
"latin_america",2018,"Latin America","#47a565",976,976,976,2928
"latin_america",2019,"Latin America","#47a565",976,976,976,2928
"latin_america",2020,"Latin America","#47a565",1042,1042,1042,3126
"latin_america",2021,"Latin America","#47a565",976,976,976,2928
"latin_america",2022,"Latin America","#47a565",976,976,976,2928
"latin_america",2023,"Latin America","#47a565",976,976,976,2928
"latin_america",-1000,"Latin America","#47a565",0,0,0,0
"latin_america",-2000,"Latin America","#47a565",0,0,0,0
"latin_america",-3000,"Latin America","#47a565",0,0,0,0
"latin_america",-4000,"Latin America","#47a565",0,0,0,0
"latin_america",-5000,"Latin America","#47a565",0,0,0,0
"latin_america",-6000,"Latin America","#47a565",0,0,0,0
"latin_america",-7000,"Latin America","#47a565",0,0,0,0
"latin_america",-8000,"Latin America","#47a565",0,0,0,0
"latin_america",-9000,"Latin America","#47a565",0,0,0,0
"latin_america",-10000,"Latin America","#47a565",0,0,0,0
"latin_america",2024,"Latin America","#47a565",976,976,976,2928
"latin_america",2025,"Latin America","#47a565",1079,1079,1079,3237
"europe",0,"Europe","#2f61aa",0,0,27,27
"europe",100,"Europe","#2f61aa",0,0,27,27
"europe",200,"Europe","#2f61aa",0,0,27,27
"europe",300,"Europe","#2f61aa",0,0,29,29
"europe",400,"Europe","#2f61aa",0,0,31,31
"europe",500,"Europe","#2f61aa",0,0,31,31
"europe",600,"Europe","#2f61aa",0,0,31,31
"europe",700,"Europe","#2f61aa",0,0,678,678
"europe",800,"Europe","#2f61aa",0,0,806,806
"europe",900,"Europe","#2f61aa",0,0,949,949
"europe",1000,"Europe","#2f61aa",0,0,1157,1157
"europe",1100,"Europe","#2f61aa",0,0,1348,1348
"europe",1200,"Europe","#2f61aa",0,0,1577,1577
"europe",1300,"Europe","#2f61aa",0,0,1688,1688
"europe",1400,"Europe","#2f61aa",0,0,1736,1736
"europe",1500,"Europe","#2f61aa",0,0,1773,1773
"europe",1600,"Europe","#2f61aa",0,0,1807,1807
"europe",1700,"Europe","#2f61aa",0,0,1843,1843
"europe",1710,"Europe","#2f61aa",0,0,1842,1842
"europe",1720,"Europe","#2f61aa",0,0,1842,1842
"europe",1730,"Europe","#2f61aa",0,0,1842,1842
"europe",1740,"Europe","#2f61aa",0,0,1843,1843
"europe",1750,"Europe","#2f61aa",0,0,1846,1846
"europe",1760,"Europe","#2f61aa",0,0,1845,1845
"europe",1770,"Europe","#2f61aa",0,0,1846,1846
"europe",1780,"Europe","#2f61aa",0,0,1846,1846
"europe",1790,"Europe","#2f61aa",0,0,1846,1846
"europe",1800,"Europe","#2f61aa",1879,1879,1880,5638
"europe",1810,"Europe","#2f61aa",2121,2107,2108,6336
"europe",1820,"Europe","#2f61aa",2224,2209,2210,6643
"europe",1830,"Europe","#2f61aa",2252,2234,2234,6720
"europe",1840,"Europe","#2f61aa",2605,2587,2587,7779
"europe",1850,"Europe","#2f61aa",2686,2668,2668,8022
"europe",1860,"Europe","#2f61aa",2795,2773,2773,8341
"europe",1870,"Europe","#2f61aa",2879,2857,2857,8593
"europe",1880,"Europe","#2f61aa",2976,2951,2952,8879
"europe",1890,"Europe","#2f61aa",3112,3086,3089,9287
"europe",1900,"Europe","#2f61aa",5025,4999,5003,15027
"europe",1910,"Europe","#2f61aa",5868,5834,5840,17542
"europe",1920,"Europe","#2f61aa",5854,5824,5824,17502
"europe",1930,"Europe","#2f61aa",5892,5864,5864,17620
"europe",1940,"Europe","#2f61aa",5996,5963,5964,17923
"europe",1950,"Europe","#2f61aa",6087,6050,6065,18202
"europe",1951,"Europe","#2f61aa",6106,6068,6071,18245
"europe",1952,"Europe","#2f61aa",6135,6097,6097,18329
"europe",1953,"Europe","#2f61aa",6138,6100,6100,18338
"europe",1954,"Europe","#2f61aa",6231,6191,6194,18616
"europe",1955,"Europe","#2f61aa",6261,6219,6220,18700
"europe",1956,"Europe","#2f61aa",6263,6222,6222,18707
"europe",1957,"Europe","#2f61aa",6263,6222,6222,18707
"europe",1958,"Europe","#2f61aa",6263,6222,6223,18708
"europe",1959,"Europe","#2f61aa",6267,6226,6226,18719
"europe",1960,"Europe","#2f61aa",6287,6245,6249,18781
"europe",1961,"Europe","#2f61aa",6335,6290,6294,18919
"europe",1962,"Europe","#2f61aa",6335,6293,6293,18921
"europe",1963,"Europe","#2f61aa",6334,6293,6294,18921
"europe",1964,"Europe","#2f61aa",6333,6293,6294,18920
"europe",1965,"Europe","#2f61aa",6339,6297,6298,18934
"europe",1966,"Europe","#2f61aa",6341,6300,6301,18942
"europe",1967,"Europe","#2f61aa",6337,6296,6303,18936
"europe",1968,"Europe","#2f61aa",6337,6296,6297,18930
"europe",1969,"Europe","#2f61aa",6350,6309,6311,18970
"europe",1970,"Europe","#2f61aa",6355,6314,6337,19006
"europe",1971,"Europe","#2f61aa",6364,6325,6329,19018
"europe",1972,"Europe","#2f61aa",6362,6322,6322,19006
"europe",1973,"Europe","#2f61aa",6362,6322,6323,19007
"europe",1974,"Europe","#2f61aa",6368,6328,6328,19024
"europe",1975,"Europe","#2f61aa",587,587,587,1761
"europe",1976,"Europe","#2f61aa",587,587,587,1761
"europe",1977,"Europe","#2f61aa",587,587,587,1761
"europe",1978,"Europe","#2f61aa",587,587,587,1761
"europe",1979,"Europe","#2f61aa",587,587,587,1761
"europe",1980,"Europe","#2f61aa",607,607,607,1821
"europe",1981,"Europe","#2f61aa",607,607,607,1821
"europe",1982,"Europe","#2f61aa",607,607,607,1821
"europe",1983,"Europe","#2f61aa",607,607,607,1821
"europe",1984,"Europe","#2f61aa",607,607,607,1821
"europe",1985,"Europe","#2f61aa",637,637,637,1911
"europe",1986,"Europe","#2f61aa",637,637,637,1911
"europe",1987,"Europe","#2f61aa",637,637,637,1911
"europe",1988,"Europe","#2f61aa",637,637,637,1911
"europe",1989,"Europe","#2f61aa",637,637,637,1911
"europe",1990,"Europe","#2f61aa",653,653,653,1959
"europe",1991,"Europe","#2f61aa",653,653,653,1959
"europe",1992,"Europe","#2f61aa",653,653,653,1959
"europe",1993,"Europe","#2f61aa",653,653,653,1959
"europe",1994,"Europe","#2f61aa",653,653,653,1959
"europe",1995,"Europe","#2f61aa",669,669,669,2007
"europe",1996,"Europe","#2f61aa",669,669,669,2007
"europe",1997,"Europe","#2f61aa",669,669,669,2007
"europe",1998,"Europe","#2f61aa",669,669,669,2007
"europe",1999,"Europe","#2f61aa",669,669,669,2007
"europe",2000,"Europe","#2f61aa",688,688,688,2064
"europe",2001,"Europe","#2f61aa",688,688,688,2064
"europe",2002,"Europe","#2f61aa",688,688,688,2064
"europe",2003,"Europe","#2f61aa",688,688,688,2064
"europe",2004,"Europe","#2f61aa",688,688,688,2064
"europe",2005,"Europe","#2f61aa",713,713,713,2139
"europe",2006,"Europe","#2f61aa",713,713,713,2139
"europe",2007,"Europe","#2f61aa",713,713,713,2139
"europe",2008,"Europe","#2f61aa",713,713,713,2139
"europe",2009,"Europe","#2f61aa",713,713,713,2139
"europe",2010,"Europe","#2f61aa",733,733,733,2199
"europe",2011,"Europe","#2f61aa",733,733,733,2199
"europe",2012,"Europe","#2f61aa",733,733,733,2199
"europe",2013,"Europe","#2f61aa",733,733,733,2199
"europe",2014,"Europe","#2f61aa",733,733,733,2199
"europe",2015,"Europe","#2f61aa",753,753,753,2259
"europe",2016,"Europe","#2f61aa",753,753,753,2259
"europe",2017,"Europe","#2f61aa",753,753,753,2259
"europe",2018,"Europe","#2f61aa",753,753,753,2259
"europe",2019,"Europe","#2f61aa",753,753,753,2259
"europe",2020,"Europe","#2f61aa",769,769,769,2307
"europe",2021,"Europe","#2f61aa",753,753,753,2259
"europe",2022,"Europe","#2f61aa",753,753,753,2259
"europe",2023,"Europe","#2f61aa",753,753,753,2259
"europe",-1000,"Europe","#2f61aa",0,0,4,4
"europe",-2000,"Europe","#2f61aa",0,0,0,0
"europe",-3000,"Europe","#2f61aa",0,0,0,0
"europe",-4000,"Europe","#2f61aa",0,0,0,0
"europe",-5000,"Europe","#2f61aa",0,0,0,0
"europe",-6000,"Europe","#2f61aa",0,0,0,0
"europe",-7000,"Europe","#2f61aa",0,0,0,0
"europe",-8000,"Europe","#2f61aa",0,0,0,0
"europe",-9000,"Europe","#2f61aa",0,0,0,0
"europe",-10000,"Europe","#2f61aa",0,0,0,0
"europe",2024,"Europe","#2f61aa",753,753,753,2259
"europe",2025,"Europe","#2f61aa",779,779,779,2337
"eastern_europe_and_russia",0,"Eastern Europe and Russia","#14721e",0,0,0,0
"eastern_europe_and_russia",100,"Eastern Europe and Russia","#14721e",0,0,0,0
"eastern_europe_and_russia",200,"Eastern Europe and Russia","#14721e",0,0,0,0
"eastern_europe_and_russia",300,"Eastern Europe and Russia","#14721e",0,0,0,0
"eastern_europe_and_russia",400,"Eastern Europe and Russia","#14721e",0,0,0,0
"eastern_europe_and_russia",500,"Eastern Europe and Russia","#14721e",0,0,0,0
"eastern_europe_and_russia",600,"Eastern Europe and Russia","#14721e",0,0,0,0
"eastern_europe_and_russia",700,"Eastern Europe and Russia","#14721e",0,0,36,36
"eastern_europe_and_russia",800,"Eastern Europe and Russia","#14721e",0,0,50,50
"eastern_europe_and_russia",900,"Eastern Europe and Russia","#14721e",0,0,55,55
"eastern_europe_and_russia",1000,"Eastern Europe and Russia","#14721e",0,0,64,64
"eastern_europe_and_russia",1100,"Eastern Europe and Russia","#14721e",0,0,97,97
"eastern_europe_and_russia",1200,"Eastern Europe and Russia","#14721e",0,0,128,128
"eastern_europe_and_russia",1300,"Eastern Europe and Russia","#14721e",0,0,148,148
"eastern_europe_and_russia",1400,"Eastern Europe and Russia","#14721e",0,0,173,173
"eastern_europe_and_russia",1500,"Eastern Europe and Russia","#14721e",0,0,189,189
"eastern_europe_and_russia",1600,"Eastern Europe and Russia","#14721e",0,0,220,220
"eastern_europe_and_russia",1700,"Eastern Europe and Russia","#14721e",0,0,254,254
"eastern_europe_and_russia",1710,"Eastern Europe and Russia","#14721e",0,0,254,254
"eastern_europe_and_russia",1720,"Eastern Europe and Russia","#14721e",0,0,254,254
"eastern_europe_and_russia",1730,"Eastern Europe and Russia","#14721e",0,0,254,254
"eastern_europe_and_russia",1740,"Eastern Europe and Russia","#14721e",0,0,254,254
"eastern_europe_and_russia",1750,"Eastern Europe and Russia","#14721e",0,0,267,267
"eastern_europe_and_russia",1760,"Eastern Europe and Russia","#14721e",0,0,267,267
"eastern_europe_and_russia",1770,"Eastern Europe and Russia","#14721e",0,0,267,267
"eastern_europe_and_russia",1780,"Eastern Europe and Russia","#14721e",0,0,267,267
"eastern_europe_and_russia",1790,"Eastern Europe and Russia","#14721e",0,0,267,267
"eastern_europe_and_russia",1800,"Eastern Europe and Russia","#14721e",291,291,291,873
"eastern_europe_and_russia",1810,"Eastern Europe and Russia","#14721e",299,299,299,897
"eastern_europe_and_russia",1820,"Eastern Europe and Russia","#14721e",300,300,300,900
"eastern_europe_and_russia",1830,"Eastern Europe and Russia","#14721e",305,305,305,915
"eastern_europe_and_russia",1840,"Eastern Europe and Russia","#14721e",305,305,305,915
"eastern_europe_and_russia",1850,"Eastern Europe and Russia","#14721e",309,309,310,928
"eastern_europe_and_russia",1860,"Eastern Europe and Russia","#14721e",314,314,314,942
"eastern_europe_and_russia",1870,"Eastern Europe and Russia","#14721e",319,318,318,955
"eastern_europe_and_russia",1880,"Eastern Europe and Russia","#14721e",325,324,324,973
"eastern_europe_and_russia",1890,"Eastern Europe and Russia","#14721e",349,348,348,1045
"eastern_europe_and_russia",1900,"Eastern Europe and Russia","#14721e",531,530,531,1592
"eastern_europe_and_russia",1910,"Eastern Europe and Russia","#14721e",588,587,587,1762
"eastern_europe_and_russia",1920,"Eastern Europe and Russia","#14721e",597,596,596,1789
"eastern_europe_and_russia",1930,"Eastern Europe and Russia","#14721e",626,625,625,1876
"eastern_europe_and_russia",1940,"Eastern Europe and Russia","#14721e",816,815,815,2446
"eastern_europe_and_russia",1950,"Eastern Europe and Russia","#14721e",821,820,820,2461
"eastern_europe_and_russia",1951,"Eastern Europe and Russia","#14721e",819,818,819,2456
"eastern_europe_and_russia",1952,"Eastern Europe and Russia","#14721e",819,818,818,2455
"eastern_europe_and_russia",1953,"Eastern Europe and Russia","#14721e",819,818,818,2455
"eastern_europe_and_russia",1954,"Eastern Europe and Russia","#14721e",819,818,818,2455
"eastern_europe_and_russia",1955,"Eastern Europe and Russia","#14721e",819,818,818,2455
"eastern_europe_and_russia",1956,"Eastern Europe and Russia","#14721e",821,820,820,2461
"eastern_europe_and_russia",1957,"Eastern Europe and Russia","#14721e",821,820,820,2461
"eastern_europe_and_russia",1958,"Eastern Europe and Russia","#14721e",821,820,820,2461
"eastern_europe_and_russia",1959,"Eastern Europe and Russia","#14721e",833,832,834,2499
"eastern_europe_and_russia",1960,"Eastern Europe and Russia","#14721e",833,832,832,2497
"eastern_europe_and_russia",1961,"Eastern Europe and Russia","#14721e",839,838,838,2515
"eastern_europe_and_russia",1962,"Eastern Europe and Russia","#14721e",839,838,838,2515
"eastern_europe_and_russia",1963,"Eastern Europe and Russia","#14721e",839,838,838,2515
"eastern_europe_and_russia",1964,"Eastern Europe and Russia","#14721e",842,840,840,2522
"eastern_europe_and_russia",1965,"Eastern Europe and Russia","#14721e",844,842,842,2528
"eastern_europe_and_russia",1966,"Eastern Europe and Russia","#14721e",844,842,842,2528
"eastern_europe_and_russia",1967,"Eastern Europe and Russia","#14721e",867,865,866,2598
"eastern_europe_and_russia",1968,"Eastern Europe and Russia","#14721e",867,865,865,2597
"eastern_europe_and_russia",1969,"Eastern Europe and Russia","#14721e",867,865,865,2597
"eastern_europe_and_russia",1970,"Eastern Europe and Russia","#14721e",899,897,903,2699
"eastern_europe_and_russia",1971,"Eastern Europe and Russia","#14721e",899,897,897,2693
"eastern_europe_and_russia",1972,"Eastern Europe and Russia","#14721e",898,896,896,2690
"eastern_europe_and_russia",1973,"Eastern Europe and Russia","#14721e",898,896,896,2690
"eastern_europe_and_russia",1974,"Eastern Europe and Russia","#14721e",900,898,898,2696
"eastern_europe_and_russia",1975,"Eastern Europe and Russia","#14721e",325,325,325,975
"eastern_europe_and_russia",1976,"Eastern Europe and Russia","#14721e",325,325,325,975
"eastern_europe_and_russia",1977,"Eastern Europe and Russia","#14721e",325,325,325,975
"eastern_europe_and_russia",1978,"Eastern Europe and Russia","#14721e",325,325,325,975
"eastern_europe_and_russia",1979,"Eastern Europe and Russia","#14721e",325,325,325,975
"eastern_europe_and_russia",1980,"Eastern Europe and Russia","#14721e",333,333,333,999
"eastern_europe_and_russia",1981,"Eastern Europe and Russia","#14721e",333,333,333,999
"eastern_europe_and_russia",1982,"Eastern Europe and Russia","#14721e",333,333,333,999
"eastern_europe_and_russia",1983,"Eastern Europe and Russia","#14721e",333,333,333,999
"eastern_europe_and_russia",1984,"Eastern Europe and Russia","#14721e",333,333,333,999
"eastern_europe_and_russia",1985,"Eastern Europe and Russia","#14721e",344,344,344,1032
"eastern_europe_and_russia",1986,"Eastern Europe and Russia","#14721e",344,344,344,1032
"eastern_europe_and_russia",1987,"Eastern Europe and Russia","#14721e",344,344,344,1032
"eastern_europe_and_russia",1988,"Eastern Europe and Russia","#14721e",344,344,344,1032
"eastern_europe_and_russia",1989,"Eastern Europe and Russia","#14721e",344,344,344,1032
"eastern_europe_and_russia",1990,"Eastern Europe and Russia","#14721e",351,351,351,1053
"eastern_europe_and_russia",1991,"Eastern Europe and Russia","#14721e",351,351,351,1053
"eastern_europe_and_russia",1992,"Eastern Europe and Russia","#14721e",351,351,351,1053
"eastern_europe_and_russia",1993,"Eastern Europe and Russia","#14721e",351,351,351,1053
"eastern_europe_and_russia",1994,"Eastern Europe and Russia","#14721e",351,351,351,1053
"eastern_europe_and_russia",1995,"Eastern Europe and Russia","#14721e",356,356,356,1068
"eastern_europe_and_russia",1996,"Eastern Europe and Russia","#14721e",356,356,356,1068
"eastern_europe_and_russia",1997,"Eastern Europe and Russia","#14721e",356,356,356,1068
"eastern_europe_and_russia",1998,"Eastern Europe and Russia","#14721e",356,356,356,1068
"eastern_europe_and_russia",1999,"Eastern Europe and Russia","#14721e",356,356,356,1068
"eastern_europe_and_russia",2000,"Eastern Europe and Russia","#14721e",364,364,364,1092
"eastern_europe_and_russia",2001,"Eastern Europe and Russia","#14721e",364,364,364,1092
"eastern_europe_and_russia",2002,"Eastern Europe and Russia","#14721e",364,364,364,1092
"eastern_europe_and_russia",2003,"Eastern Europe and Russia","#14721e",364,364,364,1092
"eastern_europe_and_russia",2004,"Eastern Europe and Russia","#14721e",364,364,364,1092
"eastern_europe_and_russia",2005,"Eastern Europe and Russia","#14721e",369,369,369,1107
"eastern_europe_and_russia",2006,"Eastern Europe and Russia","#14721e",369,369,369,1107
"eastern_europe_and_russia",2007,"Eastern Europe and Russia","#14721e",369,369,369,1107
"eastern_europe_and_russia",2008,"Eastern Europe and Russia","#14721e",369,369,369,1107
"eastern_europe_and_russia",2009,"Eastern Europe and Russia","#14721e",369,369,369,1107
"eastern_europe_and_russia",2010,"Eastern Europe and Russia","#14721e",371,371,371,1113
"eastern_europe_and_russia",2011,"Eastern Europe and Russia","#14721e",371,371,371,1113
"eastern_europe_and_russia",2012,"Eastern Europe and Russia","#14721e",371,371,371,1113
"eastern_europe_and_russia",2013,"Eastern Europe and Russia","#14721e",371,371,371,1113
"eastern_europe_and_russia",2014,"Eastern Europe and Russia","#14721e",371,371,371,1113
"eastern_europe_and_russia",2015,"Eastern Europe and Russia","#14721e",377,377,377,1131
"eastern_europe_and_russia",2016,"Eastern Europe and Russia","#14721e",377,377,377,1131
"eastern_europe_and_russia",2017,"Eastern Europe and Russia","#14721e",377,377,377,1131
"eastern_europe_and_russia",2018,"Eastern Europe and Russia","#14721e",377,377,377,1131
"eastern_europe_and_russia",2019,"Eastern Europe and Russia","#14721e",377,377,377,1131
"eastern_europe_and_russia",2020,"Eastern Europe and Russia","#14721e",381,381,381,1143
"eastern_europe_and_russia",2021,"Eastern Europe and Russia","#14721e",377,377,377,1131
"eastern_europe_and_russia",2022,"Eastern Europe and Russia","#14721e",377,377,377,1131
"eastern_europe_and_russia",2023,"Eastern Europe and Russia","#14721e",377,377,377,1131
"eastern_europe_and_russia",-1000,"Eastern Europe and Russia","#14721e",0,0,0,0
"eastern_europe_and_russia",-2000,"Eastern Europe and Russia","#14721e",0,0,0,0
"eastern_europe_and_russia",-3000,"Eastern Europe and Russia","#14721e",0,0,0,0
"eastern_europe_and_russia",-4000,"Eastern Europe and Russia","#14721e",0,0,0,0
"eastern_europe_and_russia",-5000,"Eastern Europe and Russia","#14721e",0,0,0,0
"eastern_europe_and_russia",-6000,"Eastern Europe and Russia","#14721e",0,0,0,0
"eastern_europe_and_russia",-7000,"Eastern Europe and Russia","#14721e",0,0,0,0
"eastern_europe_and_russia",-8000,"Eastern Europe and Russia","#14721e",0,0,0,0
"eastern_europe_and_russia",-9000,"Eastern Europe and Russia","#14721e",0,0,0,0
"eastern_europe_and_russia",-10000,"Eastern Europe and Russia","#14721e",0,0,0,0
"eastern_europe_and_russia",2024,"Eastern Europe and Russia","#14721e",377,377,377,1131
"eastern_europe_and_russia",2025,"Eastern Europe and Russia","#14721e",382,382,382,1146
"central_asia",0,"Central Asia","#29c1af",0,0,4,4
"central_asia",100,"Central Asia","#29c1af",0,0,5,5
"central_asia",200,"Central Asia","#29c1af",0,0,5,5
"central_asia",300,"Central Asia","#29c1af",0,0,5,5
"central_asia",400,"Central Asia","#29c1af",0,0,5,5
"central_asia",500,"Central Asia","#29c1af",0,0,6,6
"central_asia",600,"Central Asia","#29c1af",0,0,6,6
"central_asia",700,"Central Asia","#29c1af",0,0,7,7
"central_asia",800,"Central Asia","#29c1af",0,0,11,11
"central_asia",900,"Central Asia","#29c1af",0,0,12,12
"central_asia",1000,"Central Asia","#29c1af",0,0,13,13
"central_asia",1100,"Central Asia","#29c1af",0,0,16,16
"central_asia",1200,"Central Asia","#29c1af",0,0,18,18
"central_asia",1300,"Central Asia","#29c1af",0,0,16,16
"central_asia",1400,"Central Asia","#29c1af",0,0,16,16
"central_asia",1500,"Central Asia","#29c1af",0,0,17,17
"central_asia",1600,"Central Asia","#29c1af",0,0,18,18
"central_asia",1700,"Central Asia","#29c1af",0,0,18,18
"central_asia",1710,"Central Asia","#29c1af",0,0,18,18
"central_asia",1720,"Central Asia","#29c1af",0,0,18,18
"central_asia",1730,"Central Asia","#29c1af",0,0,18,18
"central_asia",1740,"Central Asia","#29c1af",0,0,19,19
"central_asia",1750,"Central Asia","#29c1af",0,0,19,19
"central_asia",1760,"Central Asia","#29c1af",0,0,19,19
"central_asia",1770,"Central Asia","#29c1af",0,0,19,19
"central_asia",1780,"Central Asia","#29c1af",0,0,19,19
"central_asia",1790,"Central Asia","#29c1af",0,0,19,19
"central_asia",1800,"Central Asia","#29c1af",24,24,25,73
"central_asia",1810,"Central Asia","#29c1af",24,23,24,71
"central_asia",1820,"Central Asia","#29c1af",24,23,24,71
"central_asia",1830,"Central Asia","#29c1af",24,23,24,71
"central_asia",1840,"Central Asia","#29c1af",25,24,25,74
"central_asia",1850,"Central Asia","#29c1af",25,24,25,74
"central_asia",1860,"Central Asia","#29c1af",25,25,26,76
"central_asia",1870,"Central Asia","#29c1af",27,27,28,82
"central_asia",1880,"Central Asia","#29c1af",32,32,33,97
"central_asia",1890,"Central Asia","#29c1af",39,39,40,118
"central_asia",1900,"Central Asia","#29c1af",97,97,98,292
"central_asia",1910,"Central Asia","#29c1af",105,105,106,316
"central_asia",1920,"Central Asia","#29c1af",106,106,107,319
"central_asia",1930,"Central Asia","#29c1af",113,112,113,338
"central_asia",1940,"Central Asia","#29c1af",140,139,140,419
"central_asia",1950,"Central Asia","#29c1af",166,165,167,498
"central_asia",1951,"Central Asia","#29c1af",215,214,217,646
"central_asia",1952,"Central Asia","#29c1af",214,213,214,641
"central_asia",1953,"Central Asia","#29c1af",214,213,214,641
"central_asia",1954,"Central Asia","#29c1af",214,213,214,641
"central_asia",1955,"Central Asia","#29c1af",214,213,214,641
"central_asia",1956,"Central Asia","#29c1af",221,220,221,662
"central_asia",1957,"Central Asia","#29c1af",221,220,221,662
"central_asia",1958,"Central Asia","#29c1af",221,220,221,662
"central_asia",1959,"Central Asia","#29c1af",227,226,227,680
"central_asia",1960,"Central Asia","#29c1af",227,226,227,680
"central_asia",1961,"Central Asia","#29c1af",232,231,232,695
"central_asia",1962,"Central Asia","#29c1af",230,229,230,689
"central_asia",1963,"Central Asia","#29c1af",230,229,230,689
"central_asia",1964,"Central Asia","#29c1af",230,229,230,689
"central_asia",1965,"Central Asia","#29c1af",230,229,230,689
"central_asia",1966,"Central Asia","#29c1af",238,237,239,714
"central_asia",1967,"Central Asia","#29c1af",231,230,231,692
"central_asia",1968,"Central Asia","#29c1af",231,230,231,692
"central_asia",1969,"Central Asia","#29c1af",232,231,232,695
"central_asia",1970,"Central Asia","#29c1af",234,233,234,701
"central_asia",1971,"Central Asia","#29c1af",234,233,234,701
"central_asia",1972,"Central Asia","#29c1af",263,262,263,788
"central_asia",1973,"Central Asia","#29c1af",259,258,259,776
"central_asia",1974,"Central Asia","#29c1af",259,258,259,776
"central_asia",1975,"Central Asia","#29c1af",141,141,141,423
"central_asia",1976,"Central Asia","#29c1af",141,141,141,423
"central_asia",1977,"Central Asia","#29c1af",141,141,141,423
"central_asia",1978,"Central Asia","#29c1af",141,141,141,423
"central_asia",1979,"Central Asia","#29c1af",141,141,141,423
"central_asia",1980,"Central Asia","#29c1af",161,161,161,483
"central_asia",1981,"Central Asia","#29c1af",161,161,161,483
"central_asia",1982,"Central Asia","#29c1af",161,161,161,483
"central_asia",1983,"Central Asia","#29c1af",161,161,161,483
"central_asia",1984,"Central Asia","#29c1af",161,161,161,483
"central_asia",1985,"Central Asia","#29c1af",191,191,191,573
"central_asia",1986,"Central Asia","#29c1af",191,191,191,573
"central_asia",1987,"Central Asia","#29c1af",191,191,191,573
"central_asia",1988,"Central Asia","#29c1af",191,191,191,573
"central_asia",1989,"Central Asia","#29c1af",191,191,191,573
"central_asia",1990,"Central Asia","#29c1af",219,219,219,657
"central_asia",1991,"Central Asia","#29c1af",219,219,219,657
"central_asia",1992,"Central Asia","#29c1af",219,219,219,657
"central_asia",1993,"Central Asia","#29c1af",219,219,219,657
"central_asia",1994,"Central Asia","#29c1af",219,219,219,657
"central_asia",1995,"Central Asia","#29c1af",273,273,273,819
"central_asia",1996,"Central Asia","#29c1af",273,273,273,819
"central_asia",1997,"Central Asia","#29c1af",273,273,273,819
"central_asia",1998,"Central Asia","#29c1af",273,273,273,819
"central_asia",1999,"Central Asia","#29c1af",273,273,273,819
"central_asia",2000,"Central Asia","#29c1af",322,322,322,966
"central_asia",2001,"Central Asia","#29c1af",322,322,322,966
"central_asia",2002,"Central Asia","#29c1af",322,322,322,966
"central_asia",2003,"Central Asia","#29c1af",322,322,322,966
"central_asia",2004,"Central Asia","#29c1af",322,322,322,966
"central_asia",2005,"Central Asia","#29c1af",355,355,355,1065
"central_asia",2006,"Central Asia","#29c1af",355,355,355,1065
"central_asia",2007,"Central Asia","#29c1af",355,355,355,1065
"central_asia",2008,"Central Asia","#29c1af",355,355,355,1065
"central_asia",2009,"Central Asia","#29c1af",355,355,355,1065
"central_asia",2010,"Central Asia","#29c1af",399,399,399,1197
"central_asia",2011,"Central Asia","#29c1af",399,399,399,1197
"central_asia",2012,"Central Asia","#29c1af",399,399,399,1197
"central_asia",2013,"Central Asia","#29c1af",399,399,399,1197
"central_asia",2014,"Central Asia","#29c1af",399,399,399,1197
"central_asia",2015,"Central Asia","#29c1af",428,428,428,1284
"central_asia",2016,"Central Asia","#29c1af",428,428,428,1284
"central_asia",2017,"Central Asia","#29c1af",428,428,428,1284
"central_asia",2018,"Central Asia","#29c1af",428,428,428,1284
"central_asia",2019,"Central Asia","#29c1af",428,428,428,1284
"central_asia",2020,"Central Asia","#29c1af",467,467,467,1401
"central_asia",2021,"Central Asia","#29c1af",428,428,428,1284
"central_asia",2022,"Central Asia","#29c1af",428,428,428,1284
"central_asia",2023,"Central Asia","#29c1af",428,428,428,1284
"central_asia",-1000,"Central Asia","#29c1af",0,0,1,1
"central_asia",-2000,"Central Asia","#29c1af",0,0,4,4
"central_asia",-3000,"Central Asia","#29c1af",0,0,0,0
"central_asia",-4000,"Central Asia","#29c1af",0,0,0,0
"central_asia",-5000,"Central Asia","#29c1af",0,0,0,0
"central_asia",-6000,"Central Asia","#29c1af",0,0,0,0
"central_asia",-7000,"Central Asia","#29c1af",0,0,0,0
"central_asia",-8000,"Central Asia","#29c1af",0,0,0,0
"central_asia",-9000,"Central Asia","#29c1af",0,0,0,0
"central_asia",-10000,"Central Asia","#29c1af",0,0,0,0
"central_asia",2024,"Central Asia","#29c1af",428,428,428,1284
"central_asia",2025,"Central Asia","#29c1af",508,508,508,1524
"middle_east",0,"Middle East","#c68281",0,0,31,31
"middle_east",100,"Middle East","#c68281",0,0,31,31
"middle_east",200,"Middle East","#c68281",0,0,31,31
"middle_east",300,"Middle East","#c68281",0,0,33,33
"middle_east",400,"Middle East","#c68281",0,0,35,35
"middle_east",500,"Middle East","#c68281",0,0,36,36
"middle_east",600,"Middle East","#c68281",0,0,36,36
"middle_east",700,"Middle East","#c68281",0,0,44,44
"middle_east",800,"Middle East","#c68281",0,0,48,48
"middle_east",900,"Middle East","#c68281",0,0,51,51
"middle_east",1000,"Middle East","#c68281",0,0,55,55
"middle_east",1100,"Middle East","#c68281",0,0,56,56
"middle_east",1200,"Middle East","#c68281",0,0,60,60
"middle_east",1300,"Middle East","#c68281",0,0,61,61
"middle_east",1400,"Middle East","#c68281",0,0,65,65
"middle_east",1500,"Middle East","#c68281",0,0,64,64
"middle_east",1600,"Middle East","#c68281",0,0,64,64
"middle_east",1700,"Middle East","#c68281",0,0,66,66
"middle_east",1710,"Middle East","#c68281",0,0,66,66
"middle_east",1720,"Middle East","#c68281",0,0,66,66
"middle_east",1730,"Middle East","#c68281",0,0,66,66
"middle_east",1740,"Middle East","#c68281",0,0,66,66
"middle_east",1750,"Middle East","#c68281",0,0,66,66
"middle_east",1760,"Middle East","#c68281",0,0,66,66
"middle_east",1770,"Middle East","#c68281",0,0,66,66
"middle_east",1780,"Middle East","#c68281",0,0,66,66
"middle_east",1790,"Middle East","#c68281",0,0,66,66
"middle_east",1800,"Middle East","#c68281",82,82,82,246
"middle_east",1810,"Middle East","#c68281",82,80,80,242
"middle_east",1820,"Middle East","#c68281",90,88,88,266
"middle_east",1830,"Middle East","#c68281",90,88,88,266
"middle_east",1840,"Middle East","#c68281",90,88,88,266
"middle_east",1850,"Middle East","#c68281",90,88,88,266
"middle_east",1860,"Middle East","#c68281",91,89,89,269
"middle_east",1870,"Middle East","#c68281",101,100,100,301
"middle_east",1880,"Middle East","#c68281",102,101,101,304
"middle_east",1890,"Middle East","#c68281",163,162,162,487
"middle_east",1900,"Middle East","#c68281",189,188,188,565
"middle_east",1910,"Middle East","#c68281",257,256,256,769
"middle_east",1920,"Middle East","#c68281",277,276,276,829
"middle_east",1930,"Middle East","#c68281",305,305,305,915
"middle_east",1940,"Middle East","#c68281",396,394,394,1184
"middle_east",1950,"Middle East","#c68281",509,507,507,1523
"middle_east",1951,"Middle East","#c68281",509,507,507,1523
"middle_east",1952,"Middle East","#c68281",509,506,506,1521
"middle_east",1953,"Middle East","#c68281",509,506,506,1521
"middle_east",1954,"Middle East","#c68281",509,506,506,1521
"middle_east",1955,"Middle East","#c68281",538,535,535,1608
"middle_east",1956,"Middle East","#c68281",555,552,552,1659
"middle_east",1957,"Middle East","#c68281",560,557,557,1674
"middle_east",1958,"Middle East","#c68281",560,557,557,1674
"middle_east",1959,"Middle East","#c68281",559,556,557,1672
"middle_east",1960,"Middle East","#c68281",578,575,576,1729
"middle_east",1961,"Middle East","#c68281",593,590,590,1773
"middle_east",1962,"Middle East","#c68281",598,595,595,1788
"middle_east",1963,"Middle East","#c68281",598,595,595,1788
"middle_east",1964,"Middle East","#c68281",601,598,598,1797
"middle_east",1965,"Middle East","#c68281",648,645,659,1952
"middle_east",1966,"Middle East","#c68281",668,664,665,1997
"middle_east",1967,"Middle East","#c68281",680,676,676,2032
"middle_east",1968,"Middle East","#c68281",681,677,679,2037
"middle_east",1969,"Middle East","#c68281",678,674,674,2026
"middle_east",1970,"Middle East","#c68281",688,683,693,2064
"middle_east",1971,"Middle East","#c68281",680,675,675,2030
"middle_east",1972,"Middle East","#c68281",683,678,678,2039
"middle_east",1973,"Middle East","#c68281",683,678,678,2039
"middle_east",1974,"Middle East","#c68281",685,680,683,2048
"middle_east",1975,"Middle East","#c68281",187,187,187,561
"middle_east",1976,"Middle East","#c68281",187,187,187,561
"middle_east",1977,"Middle East","#c68281",187,187,187,561
"middle_east",1978,"Middle East","#c68281",187,187,187,561
"middle_east",1979,"Middle East","#c68281",187,187,187,561
"middle_east",1980,"Middle East","#c68281",222,222,222,666
"middle_east",1981,"Middle East","#c68281",222,222,222,666
"middle_east",1982,"Middle East","#c68281",222,222,222,666
"middle_east",1983,"Middle East","#c68281",222,222,222,666
"middle_east",1984,"Middle East","#c68281",222,222,222,666
"middle_east",1985,"Middle East","#c68281",276,276,276,828
"middle_east",1986,"Middle East","#c68281",276,276,276,828
"middle_east",1987,"Middle East","#c68281",276,276,276,828
"middle_east",1988,"Middle East","#c68281",276,276,276,828
"middle_east",1989,"Middle East","#c68281",276,276,276,828
"middle_east",1990,"Middle East","#c68281",322,322,322,966
"middle_east",1991,"Middle East","#c68281",322,322,322,966
"middle_east",1992,"Middle East","#c68281",322,322,322,966
"middle_east",1993,"Middle East","#c68281",322,322,322,966
"middle_east",1994,"Middle East","#c68281",322,322,322,966
"middle_east",1995,"Middle East","#c68281",378,378,378,1134
"middle_east",1996,"Middle East","#c68281",378,378,378,1134
"middle_east",1997,"Middle East","#c68281",378,378,378,1134
"middle_east",1998,"Middle East","#c68281",378,378,378,1134
"middle_east",1999,"Middle East","#c68281",378,378,378,1134
"middle_east",2000,"Middle East","#c68281",451,451,451,1353
"middle_east",2001,"Middle East","#c68281",451,451,451,1353
"middle_east",2002,"Middle East","#c68281",451,451,451,1353
"middle_east",2003,"Middle East","#c68281",451,451,451,1353
"middle_east",2004,"Middle East","#c68281",451,451,451,1353
"middle_east",2005,"Middle East","#c68281",511,511,511,1533
"middle_east",2006,"Middle East","#c68281",511,511,511,1533
"middle_east",2007,"Middle East","#c68281",511,511,511,1533
"middle_east",2008,"Middle East","#c68281",511,511,511,1533
"middle_east",2009,"Middle East","#c68281",511,511,511,1533
"middle_east",2010,"Middle East","#c68281",581,581,581,1743
"middle_east",2011,"Middle East","#c68281",581,581,581,1743
"middle_east",2012,"Middle East","#c68281",581,581,581,1743
"middle_east",2013,"Middle East","#c68281",581,581,581,1743
"middle_east",2014,"Middle East","#c68281",581,581,581,1743
"middle_east",2015,"Middle East","#c68281",649,649,649,1947
"middle_east",2016,"Middle East","#c68281",649,649,649,1947
"middle_east",2017,"Middle East","#c68281",649,649,649,1947
"middle_east",2018,"Middle East","#c68281",649,649,649,1947
"middle_east",2019,"Middle East","#c68281",649,649,649,1947
"middle_east",2020,"Middle East","#c68281",697,697,697,2091
"middle_east",2021,"Middle East","#c68281",649,649,649,1947
"middle_east",2022,"Middle East","#c68281",649,649,649,1947
"middle_east",2023,"Middle East","#c68281",649,649,649,1947
"middle_east",-1000,"Middle East","#c68281",0,0,14,14
"middle_east",-2000,"Middle East","#c68281",0,0,20,20
"middle_east",-3000,"Middle East","#c68281",0,0,6,6
"middle_east",-4000,"Middle East","#c68281",0,0,0,0
"middle_east",-5000,"Middle East","#c68281",0,0,0,0
"middle_east",-6000,"Middle East","#c68281",0,0,0,0
"middle_east",-7000,"Middle East","#c68281",0,0,0,0
"middle_east",-8000,"Middle East","#c68281",0,0,0,0
"middle_east",-9000,"Middle East","#c68281",0,0,0,0
"middle_east",-10000,"Middle East","#c68281",0,0,0,0
"middle_east",2024,"Middle East","#c68281",649,649,649,1947
"middle_east",2025,"Middle East","#c68281",749,749,749,2247
"maghreb_egypt",0,"Maghreb and Egypt","#efbc70",0,0,11,11
"maghreb_egypt",100,"Maghreb and Egypt","#efbc70",0,0,11,11
"maghreb_egypt",200,"Maghreb and Egypt","#efbc70",0,0,11,11
"maghreb_egypt",300,"Maghreb and Egypt","#efbc70",0,0,11,11
"maghreb_egypt",400,"Maghreb and Egypt","#efbc70",0,0,12,12
"maghreb_egypt",500,"Maghreb and Egypt","#efbc70",0,0,12,12
"maghreb_egypt",600,"Maghreb and Egypt","#efbc70",0,0,12,12
"maghreb_egypt",700,"Maghreb and Egypt","#efbc70",0,0,13,13
"maghreb_egypt",800,"Maghreb and Egypt","#efbc70",0,0,14,14
"maghreb_egypt",900,"Maghreb and Egypt","#efbc70",0,0,14,14
"maghreb_egypt",1000,"Maghreb and Egypt","#efbc70",0,0,16,16
"maghreb_egypt",1100,"Maghreb and Egypt","#efbc70",0,0,20,20
"maghreb_egypt",1200,"Maghreb and Egypt","#efbc70",0,0,23,23
"maghreb_egypt",1300,"Maghreb and Egypt","#efbc70",0,0,25,25
"maghreb_egypt",1400,"Maghreb and Egypt","#efbc70",0,0,27,27
"maghreb_egypt",1500,"Maghreb and Egypt","#efbc70",0,0,29,29
"maghreb_egypt",1600,"Maghreb and Egypt","#efbc70",0,0,30,30
"maghreb_egypt",1700,"Maghreb and Egypt","#efbc70",0,0,30,30
"maghreb_egypt",1710,"Maghreb and Egypt","#efbc70",0,0,30,30
"maghreb_egypt",1720,"Maghreb and Egypt","#efbc70",0,0,30,30
"maghreb_egypt",1730,"Maghreb and Egypt","#efbc70",0,0,30,30
"maghreb_egypt",1740,"Maghreb and Egypt","#efbc70",0,0,30,30
"maghreb_egypt",1750,"Maghreb and Egypt","#efbc70",0,0,30,30
"maghreb_egypt",1760,"Maghreb and Egypt","#efbc70",0,0,30,30
"maghreb_egypt",1770,"Maghreb and Egypt","#efbc70",0,0,30,30
"maghreb_egypt",1780,"Maghreb and Egypt","#efbc70",0,0,30,30
"maghreb_egypt",1790,"Maghreb and Egypt","#efbc70",0,0,30,30
"maghreb_egypt",1800,"Maghreb and Egypt","#efbc70",31,31,31,93
"maghreb_egypt",1810,"Maghreb and Egypt","#efbc70",31,31,31,93
"maghreb_egypt",1820,"Maghreb and Egypt","#efbc70",31,31,31,93
"maghreb_egypt",1830,"Maghreb and Egypt","#efbc70",31,31,31,93
"maghreb_egypt",1840,"Maghreb and Egypt","#efbc70",31,31,31,93
"maghreb_egypt",1850,"Maghreb and Egypt","#efbc70",32,32,32,96
"maghreb_egypt",1860,"Maghreb and Egypt","#efbc70",34,34,34,102
"maghreb_egypt",1870,"Maghreb and Egypt","#efbc70",37,37,37,111
"maghreb_egypt",1880,"Maghreb and Egypt","#efbc70",40,40,40,120
"maghreb_egypt",1890,"Maghreb and Egypt","#efbc70",67,67,67,201
"maghreb_egypt",1900,"Maghreb and Egypt","#efbc70",118,118,118,354
"maghreb_egypt",1910,"Maghreb and Egypt","#efbc70",168,167,167,502
"maghreb_egypt",1920,"Maghreb and Egypt","#efbc70",174,173,174,521
"maghreb_egypt",1930,"Maghreb and Egypt","#efbc70",194,193,193,580
"maghreb_egypt",1940,"Maghreb and Egypt","#efbc70",214,213,213,640
"maghreb_egypt",1950,"Maghreb and Egypt","#efbc70",259,259,259,777
"maghreb_egypt",1951,"Maghreb and Egypt","#efbc70",259,259,259,777
"maghreb_egypt",1952,"Maghreb and Egypt","#efbc70",259,259,259,777
"maghreb_egypt",1953,"Maghreb and Egypt","#efbc70",259,259,259,777
"maghreb_egypt",1954,"Maghreb and Egypt","#efbc70",288,287,287,862
"maghreb_egypt",1955,"Maghreb and Egypt","#efbc70",287,286,286,859
"maghreb_egypt",1956,"Maghreb and Egypt","#efbc70",294,293,293,880
"maghreb_egypt",1957,"Maghreb and Egypt","#efbc70",294,293,293,880
"maghreb_egypt",1958,"Maghreb and Egypt","#efbc70",294,293,293,880
"maghreb_egypt",1959,"Maghreb and Egypt","#efbc70",294,293,293,880
"maghreb_egypt",1960,"Maghreb and Egypt","#efbc70",340,339,339,1018
"maghreb_egypt",1961,"Maghreb and Egypt","#efbc70",305,304,304,913
"maghreb_egypt",1962,"Maghreb and Egypt","#efbc70",305,304,304,913
"maghreb_egypt",1963,"Maghreb and Egypt","#efbc70",305,305,305,915
"maghreb_egypt",1964,"Maghreb and Egypt","#efbc70",326,326,326,978
"maghreb_egypt",1965,"Maghreb and Egypt","#efbc70",326,326,326,978
"maghreb_egypt",1966,"Maghreb and Egypt","#efbc70",334,334,335,1003
"maghreb_egypt",1967,"Maghreb and Egypt","#efbc70",335,335,335,1005
"maghreb_egypt",1968,"Maghreb and Egypt","#efbc70",335,334,334,1003
"maghreb_egypt",1969,"Maghreb and Egypt","#efbc70",335,334,334,1003
"maghreb_egypt",1970,"Maghreb and Egypt","#efbc70",334,333,334,1001
"maghreb_egypt",1971,"Maghreb and Egypt","#efbc70",322,321,357,1000
"maghreb_egypt",1972,"Maghreb and Egypt","#efbc70",298,297,297,892
"maghreb_egypt",1973,"Maghreb and Egypt","#efbc70",298,297,297,892
"maghreb_egypt",1974,"Maghreb and Egypt","#efbc70",298,297,297,892
"maghreb_egypt",1975,"Maghreb and Egypt","#efbc70",113,113,113,339
"maghreb_egypt",1976,"Maghreb and Egypt","#efbc70",113,113,113,339
"maghreb_egypt",1977,"Maghreb and Egypt","#efbc70",113,113,113,339
"maghreb_egypt",1978,"Maghreb and Egypt","#efbc70",113,113,113,339
"maghreb_egypt",1979,"Maghreb and Egypt","#efbc70",113,113,113,339
"maghreb_egypt",1980,"Maghreb and Egypt","#efbc70",138,138,138,414
"maghreb_egypt",1981,"Maghreb and Egypt","#efbc70",138,138,138,414
"maghreb_egypt",1982,"Maghreb and Egypt","#efbc70",138,138,138,414
"maghreb_egypt",1983,"Maghreb and Egypt","#efbc70",138,138,138,414
"maghreb_egypt",1984,"Maghreb and Egypt","#efbc70",138,138,138,414
"maghreb_egypt",1985,"Maghreb and Egypt","#efbc70",162,162,162,486
"maghreb_egypt",1986,"Maghreb and Egypt","#efbc70",162,162,162,486
"maghreb_egypt",1987,"Maghreb and Egypt","#efbc70",162,162,162,486
"maghreb_egypt",1988,"Maghreb and Egypt","#efbc70",162,162,162,486
"maghreb_egypt",1989,"Maghreb and Egypt","#efbc70",162,162,162,486
"maghreb_egypt",1990,"Maghreb and Egypt","#efbc70",190,190,190,570
"maghreb_egypt",1991,"Maghreb and Egypt","#efbc70",190,190,190,570
"maghreb_egypt",1992,"Maghreb and Egypt","#efbc70",190,190,190,570
"maghreb_egypt",1993,"Maghreb and Egypt","#efbc70",190,190,190,570
"maghreb_egypt",1994,"Maghreb and Egypt","#efbc70",190,190,190,570
"maghreb_egypt",1995,"Maghreb and Egypt","#efbc70",221,221,221,663
"maghreb_egypt",1996,"Maghreb and Egypt","#efbc70",221,221,221,663
"maghreb_egypt",1997,"Maghreb and Egypt","#efbc70",221,221,221,663
"maghreb_egypt",1998,"Maghreb and Egypt","#efbc70",221,221,221,663
"maghreb_egypt",1999,"Maghreb and Egypt","#efbc70",221,221,221,663
"maghreb_egypt",2000,"Maghreb and Egypt","#efbc70",256,256,256,768
"maghreb_egypt",2001,"Maghreb and Egypt","#efbc70",256,256,256,768
"maghreb_egypt",2002,"Maghreb and Egypt","#efbc70",256,256,256,768
"maghreb_egypt",2003,"Maghreb and Egypt","#efbc70",256,256,256,768
"maghreb_egypt",2004,"Maghreb and Egypt","#efbc70",256,256,256,768
"maghreb_egypt",2005,"Maghreb and Egypt","#efbc70",279,279,279,837
"maghreb_egypt",2006,"Maghreb and Egypt","#efbc70",279,279,279,837
"maghreb_egypt",2007,"Maghreb and Egypt","#efbc70",279,279,279,837
"maghreb_egypt",2008,"Maghreb and Egypt","#efbc70",279,279,279,837
"maghreb_egypt",2009,"Maghreb and Egypt","#efbc70",279,279,279,837
"maghreb_egypt",2010,"Maghreb and Egypt","#efbc70",307,307,307,921
"maghreb_egypt",2011,"Maghreb and Egypt","#efbc70",307,307,307,921
"maghreb_egypt",2012,"Maghreb and Egypt","#efbc70",307,307,307,921
"maghreb_egypt",2013,"Maghreb and Egypt","#efbc70",307,307,307,921
"maghreb_egypt",2014,"Maghreb and Egypt","#efbc70",307,307,307,921
"maghreb_egypt",2015,"Maghreb and Egypt","#efbc70",342,342,342,1026
"maghreb_egypt",2016,"Maghreb and Egypt","#efbc70",342,342,342,1026
"maghreb_egypt",2017,"Maghreb and Egypt","#efbc70",342,342,342,1026
"maghreb_egypt",2018,"Maghreb and Egypt","#efbc70",342,342,342,1026
"maghreb_egypt",2019,"Maghreb and Egypt","#efbc70",342,342,342,1026
"maghreb_egypt",2020,"Maghreb and Egypt","#efbc70",368,368,368,1104
"maghreb_egypt",2021,"Maghreb and Egypt","#efbc70",342,342,342,1026
"maghreb_egypt",2022,"Maghreb and Egypt","#efbc70",342,342,342,1026
"maghreb_egypt",2023,"Maghreb and Egypt","#efbc70",342,342,342,1026
"maghreb_egypt",-1000,"Maghreb and Egypt","#efbc70",0,0,8,8
"maghreb_egypt",-2000,"Maghreb and Egypt","#efbc70",0,0,2,2
"maghreb_egypt",-3000,"Maghreb and Egypt","#efbc70",0,0,0,0
"maghreb_egypt",-4000,"Maghreb and Egypt","#efbc70",0,0,0,0
"maghreb_egypt",-5000,"Maghreb and Egypt","#efbc70",0,0,0,0
"maghreb_egypt",-6000,"Maghreb and Egypt","#efbc70",0,0,0,0
"maghreb_egypt",-7000,"Maghreb and Egypt","#efbc70",0,0,0,0
"maghreb_egypt",-8000,"Maghreb and Egypt","#efbc70",0,0,0,0
"maghreb_egypt",-9000,"Maghreb and Egypt","#efbc70",0,0,0,0
"maghreb_egypt",-10000,"Maghreb and Egypt","#efbc70",0,0,0,0
"maghreb_egypt",2024,"Maghreb and Egypt","#efbc70",342,342,342,1026
"maghreb_egypt",2025,"Maghreb and Egypt","#efbc70",387,387,387,1161
"sub_saharan_africa",0,"Sub-Saharan Africa","#9b654d",0,0,0,0
"sub_saharan_africa",100,"Sub-Saharan Africa","#9b654d",0,0,0,0
"sub_saharan_africa",200,"Sub-Saharan Africa","#9b654d",0,0,0,0
"sub_saharan_africa",300,"Sub-Saharan Africa","#9b654d",0,0,0,0
"sub_saharan_africa",400,"Sub-Saharan Africa","#9b654d",0,0,0,0
"sub_saharan_africa",500,"Sub-Saharan Africa","#9b654d",0,0,0,0
"sub_saharan_africa",600,"Sub-Saharan Africa","#9b654d",0,0,0,0
"sub_saharan_africa",700,"Sub-Saharan Africa","#9b654d",0,0,0,0
"sub_saharan_africa",800,"Sub-Saharan Africa","#9b654d",0,0,3,3
"sub_saharan_africa",900,"Sub-Saharan Africa","#9b654d",0,0,3,3
"sub_saharan_africa",1000,"Sub-Saharan Africa","#9b654d",0,0,5,5
"sub_saharan_africa",1100,"Sub-Saharan Africa","#9b654d",0,0,7,7
"sub_saharan_africa",1200,"Sub-Saharan Africa","#9b654d",0,0,9,9
"sub_saharan_africa",1300,"Sub-Saharan Africa","#9b654d",0,0,11,11
"sub_saharan_africa",1400,"Sub-Saharan Africa","#9b654d",0,0,11,11
"sub_saharan_africa",1500,"Sub-Saharan Africa","#9b654d",0,0,13,13
"sub_saharan_africa",1600,"Sub-Saharan Africa","#9b654d",0,0,23,23
"sub_saharan_africa",1700,"Sub-Saharan Africa","#9b654d",0,0,25,25
"sub_saharan_africa",1710,"Sub-Saharan Africa","#9b654d",0,0,24,24
"sub_saharan_africa",1720,"Sub-Saharan Africa","#9b654d",0,0,24,24
"sub_saharan_africa",1730,"Sub-Saharan Africa","#9b654d",0,0,25,25
"sub_saharan_africa",1740,"Sub-Saharan Africa","#9b654d",0,0,25,25
"sub_saharan_africa",1750,"Sub-Saharan Africa","#9b654d",0,0,27,27
"sub_saharan_africa",1760,"Sub-Saharan Africa","#9b654d",0,0,25,25
"sub_saharan_africa",1770,"Sub-Saharan Africa","#9b654d",0,0,25,25
"sub_saharan_africa",1780,"Sub-Saharan Africa","#9b654d",0,0,25,25
"sub_saharan_africa",1790,"Sub-Saharan Africa","#9b654d",0,0,25,25
"sub_saharan_africa",1800,"Sub-Saharan Africa","#9b654d",29,29,29,87
"sub_saharan_africa",1810,"Sub-Saharan Africa","#9b654d",27,27,27,81
"sub_saharan_africa",1820,"Sub-Saharan Africa","#9b654d",29,29,29,87
"sub_saharan_africa",1830,"Sub-Saharan Africa","#9b654d",31,31,31,93
"sub_saharan_africa",1840,"Sub-Saharan Africa","#9b654d",30,30,30,90
"sub_saharan_africa",1850,"Sub-Saharan Africa","#9b654d",39,39,40,118
"sub_saharan_africa",1860,"Sub-Saharan Africa","#9b654d",40,40,40,120
"sub_saharan_africa",1870,"Sub-Saharan Africa","#9b654d",41,41,41,123
"sub_saharan_africa",1880,"Sub-Saharan Africa","#9b654d",53,53,54,160
"sub_saharan_africa",1890,"Sub-Saharan Africa","#9b654d",75,75,75,225
"sub_saharan_africa",1900,"Sub-Saharan Africa","#9b654d",121,121,122,364
"sub_saharan_africa",1910,"Sub-Saharan Africa","#9b654d",151,151,151,453
"sub_saharan_africa",1920,"Sub-Saharan Africa","#9b654d",174,174,174,522
"sub_saharan_africa",1930,"Sub-Saharan Africa","#9b654d",292,292,293,877
"sub_saharan_africa",1940,"Sub-Saharan Africa","#9b654d",408,408,409,1225
"sub_saharan_africa",1950,"Sub-Saharan Africa","#9b654d",454,453,453,1360
"sub_saharan_africa",1951,"Sub-Saharan Africa","#9b654d",475,472,472,1419
"sub_saharan_africa",1952,"Sub-Saharan Africa","#9b654d",518,515,515,1548
"sub_saharan_africa",1953,"Sub-Saharan Africa","#9b654d",553,550,550,1653
"sub_saharan_africa",1954,"Sub-Saharan Africa","#9b654d",554,551,551,1656
"sub_saharan_africa",1955,"Sub-Saharan Africa","#9b654d",581,578,587,1746
"sub_saharan_africa",1956,"Sub-Saharan Africa","#9b654d",592,589,589,1770
"sub_saharan_africa",1957,"Sub-Saharan Africa","#9b654d",599,596,599,1794
"sub_saharan_africa",1958,"Sub-Saharan Africa","#9b654d",621,618,618,1857
"sub_saharan_africa",1959,"Sub-Saharan Africa","#9b654d",659,657,657,1973
"sub_saharan_africa",1960,"Sub-Saharan Africa","#9b654d",870,868,875,2613
"sub_saharan_africa",1961,"Sub-Saharan Africa","#9b654d",816,815,815,2446
"sub_saharan_africa",1962,"Sub-Saharan Africa","#9b654d",830,829,829,2488
"sub_saharan_africa",1963,"Sub-Saharan Africa","#9b654d",905,904,948,2757
"sub_saharan_africa",1964,"Sub-Saharan Africa","#9b654d",881,880,882,2643
"sub_saharan_africa",1965,"Sub-Saharan Africa","#9b654d",961,960,961,2882
"sub_saharan_africa",1966,"Sub-Saharan Africa","#9b654d",992,991,992,2975
"sub_saharan_africa",1967,"Sub-Saharan Africa","#9b654d",1006,1005,1013,3024
"sub_saharan_africa",1968,"Sub-Saharan Africa","#9b654d",1009,1008,1008,3025
"sub_saharan_africa",1969,"Sub-Saharan Africa","#9b654d",1043,1042,1046,3131
"sub_saharan_africa",1970,"Sub-Saharan Africa","#9b654d",1047,1045,1098,3190
"sub_saharan_africa",1971,"Sub-Saharan Africa","#9b654d",1038,1038,1041,3117
"sub_saharan_africa",1972,"Sub-Saharan Africa","#9b654d",1051,1051,1051,3153
"sub_saharan_africa",1973,"Sub-Saharan Africa","#9b654d",1046,1046,1053,3145
"sub_saharan_africa",1974,"Sub-Saharan Africa","#9b654d",1046,1046,1049,3141
"sub_saharan_africa",1975,"Sub-Saharan Africa","#9b654d",415,415,415,1245
"sub_saharan_africa",1976,"Sub-Saharan Africa","#9b654d",415,415,415,1245
"sub_saharan_africa",1977,"Sub-Saharan Africa","#9b654d",415,415,415,1245
"sub_saharan_africa",1978,"Sub-Saharan Africa","#9b654d",415,415,415,1245
"sub_saharan_africa",1979,"Sub-Saharan Africa","#9b654d",415,415,415,1245
"sub_saharan_africa",1980,"Sub-Saharan Africa","#9b654d",498,498,498,1494
"sub_saharan_africa",1981,"Sub-Saharan Africa","#9b654d",498,498,498,1494
"sub_saharan_africa",1982,"Sub-Saharan Africa","#9b654d",498,498,498,1494
"sub_saharan_africa",1983,"Sub-Saharan Africa","#9b654d",498,498,498,1494
"sub_saharan_africa",1984,"Sub-Saharan Africa","#9b654d",498,498,498,1494
"sub_saharan_africa",1985,"Sub-Saharan Africa","#9b654d",601,601,601,1803
"sub_saharan_africa",1986,"Sub-Saharan Africa","#9b654d",601,601,601,1803
"sub_saharan_africa",1987,"Sub-Saharan Africa","#9b654d",601,601,601,1803
"sub_saharan_africa",1988,"Sub-Saharan Africa","#9b654d",601,601,601,1803
"sub_saharan_africa",1989,"Sub-Saharan Africa","#9b654d",601,601,601,1803
"sub_saharan_africa",1990,"Sub-Saharan Africa","#9b654d",699,699,699,2097
"sub_saharan_africa",1991,"Sub-Saharan Africa","#9b654d",699,699,699,2097
"sub_saharan_africa",1992,"Sub-Saharan Africa","#9b654d",699,699,699,2097
"sub_saharan_africa",1993,"Sub-Saharan Africa","#9b654d",699,699,699,2097
"sub_saharan_africa",1994,"Sub-Saharan Africa","#9b654d",699,699,699,2097
"sub_saharan_africa",1995,"Sub-Saharan Africa","#9b654d",845,845,845,2535
"sub_saharan_africa",1996,"Sub-Saharan Africa","#9b654d",845,845,845,2535
"sub_saharan_africa",1997,"Sub-Saharan Africa","#9b654d",845,845,845,2535
"sub_saharan_africa",1998,"Sub-Saharan Africa","#9b654d",845,845,845,2535
"sub_saharan_africa",1999,"Sub-Saharan Africa","#9b654d",845,845,845,2535
"sub_saharan_africa",2000,"Sub-Saharan Africa","#9b654d",984,984,984,2952
"sub_saharan_africa",2001,"Sub-Saharan Africa","#9b654d",984,984,984,2952
"sub_saharan_africa",2002,"Sub-Saharan Africa","#9b654d",984,984,984,2952
"sub_saharan_africa",2003,"Sub-Saharan Africa","#9b654d",984,984,984,2952
"sub_saharan_africa",2004,"Sub-Saharan Africa","#9b654d",984,984,984,2952
"sub_saharan_africa",2005,"Sub-Saharan Africa","#9b654d",1143,1143,1143,3429
"sub_saharan_africa",2006,"Sub-Saharan Africa","#9b654d",1143,1143,1143,3429
"sub_saharan_africa",2007,"Sub-Saharan Africa","#9b654d",1143,1143,1143,3429
"sub_saharan_africa",2008,"Sub-Saharan Africa","#9b654d",1143,1143,1143,3429
"sub_saharan_africa",2009,"Sub-Saharan Africa","#9b654d",1143,1143,1143,3429
"sub_saharan_africa",2010,"Sub-Saharan Africa","#9b654d",1290,1290,1290,3870
"sub_saharan_africa",2011,"Sub-Saharan Africa","#9b654d",1290,1290,1290,3870
"sub_saharan_africa",2012,"Sub-Saharan Africa","#9b654d",1290,1290,1290,3870
"sub_saharan_africa",2013,"Sub-Saharan Africa","#9b654d",1290,1290,1290,3870
"sub_saharan_africa",2014,"Sub-Saharan Africa","#9b654d",1290,1290,1290,3870
"sub_saharan_africa",2015,"Sub-Saharan Africa","#9b654d",1442,1442,1442,4326
"sub_saharan_africa",2016,"Sub-Saharan Africa","#9b654d",1442,1442,1442,4326
"sub_saharan_africa",2017,"Sub-Saharan Africa","#9b654d",1442,1442,1442,4326
"sub_saharan_africa",2018,"Sub-Saharan Africa","#9b654d",1442,1442,1442,4326
"sub_saharan_africa",2019,"Sub-Saharan Africa","#9b654d",1442,1442,1442,4326
"sub_saharan_africa",2020,"Sub-Saharan Africa","#9b654d",1582,1582,1582,4746
"sub_saharan_africa",2021,"Sub-Saharan Africa","#9b654d",1442,1442,1442,4326
"sub_saharan_africa",2022,"Sub-Saharan Africa","#9b654d",1442,1442,1442,4326
"sub_saharan_africa",2023,"Sub-Saharan Africa","#9b654d",1442,1442,1442,4326
"sub_saharan_africa",-1000,"Sub-Saharan Africa","#9b654d",0,0,0,0
"sub_saharan_africa",-2000,"Sub-Saharan Africa","#9b654d",0,0,0,0
"sub_saharan_africa",-3000,"Sub-Saharan Africa","#9b654d",0,0,0,0
"sub_saharan_africa",-4000,"Sub-Saharan Africa","#9b654d",0,0,0,0
"sub_saharan_africa",-5000,"Sub-Saharan Africa","#9b654d",0,0,0,0
"sub_saharan_africa",-6000,"Sub-Saharan Africa","#9b654d",0,0,0,0
"sub_saharan_africa",-7000,"Sub-Saharan Africa","#9b654d",0,0,0,0
"sub_saharan_africa",-8000,"Sub-Saharan Africa","#9b654d",0,0,0,0
"sub_saharan_africa",-9000,"Sub-Saharan Africa","#9b654d",0,0,0,0
"sub_saharan_africa",-10000,"Sub-Saharan Africa","#9b654d",0,0,0,0
"sub_saharan_africa",2024,"Sub-Saharan Africa","#9b654d",1442,1442,1442,4326
"sub_saharan_africa",2025,"Sub-Saharan Africa","#9b654d",1719,1719,1719,5157
"oceania",0,"Oceania","#00cd8f",0,0,0,0
"oceania",100,"Oceania","#00cd8f",0,0,0,0
"oceania",200,"Oceania","#00cd8f",0,0,0,0
"oceania",300,"Oceania","#00cd8f",0,0,0,0
"oceania",400,"Oceania","#00cd8f",0,0,0,0
"oceania",500,"Oceania","#00cd8f",0,0,0,0
"oceania",600,"Oceania","#00cd8f",0,0,0,0
"oceania",700,"Oceania","#00cd8f",0,0,0,0
"oceania",800,"Oceania","#00cd8f",0,0,0,0
"oceania",900,"Oceania","#00cd8f",0,0,0,0
"oceania",1000,"Oceania","#00cd8f",0,0,0,0
"oceania",1100,"Oceania","#00cd8f",0,0,0,0
"oceania",1200,"Oceania","#00cd8f",0,0,0,0
"oceania",1300,"Oceania","#00cd8f",0,0,0,0
"oceania",1400,"Oceania","#00cd8f",0,0,0,0
"oceania",1500,"Oceania","#00cd8f",0,0,0,0
"oceania",1600,"Oceania","#00cd8f",0,0,0,0
"oceania",1700,"Oceania","#00cd8f",0,0,0,0
"oceania",1710,"Oceania","#00cd8f",0,0,0,0
"oceania",1720,"Oceania","#00cd8f",0,0,0,0
"oceania",1730,"Oceania","#00cd8f",0,0,0,0
"oceania",1740,"Oceania","#00cd8f",0,0,0,0
"oceania",1750,"Oceania","#00cd8f",0,0,0,0
"oceania",1760,"Oceania","#00cd8f",0,0,0,0
"oceania",1770,"Oceania","#00cd8f",0,0,0,0
"oceania",1780,"Oceania","#00cd8f",0,0,0,0
"oceania",1790,"Oceania","#00cd8f",0,0,0,0
"oceania",1800,"Oceania","#00cd8f",1,1,1,3
"oceania",1810,"Oceania","#00cd8f",2,2,2,6
"oceania",1820,"Oceania","#00cd8f",3,3,3,9
"oceania",1830,"Oceania","#00cd8f",4,4,4,12
"oceania",1840,"Oceania","#00cd8f",4,4,4,12
"oceania",1850,"Oceania","#00cd8f",5,5,5,15
"oceania",1860,"Oceania","#00cd8f",7,7,7,21
"oceania",1870,"Oceania","#00cd8f",14,14,14,42
"oceania",1880,"Oceania","#00cd8f",18,18,18,54
"oceania",1890,"Oceania","#00cd8f",38,38,38,114
"oceania",1900,"Oceania","#00cd8f",86,86,86,258
"oceania",1910,"Oceania","#00cd8f",121,120,120,361
"oceania",1920,"Oceania","#00cd8f",127,126,126,379
"oceania",1930,"Oceania","#00cd8f",165,164,164,493
"oceania",1940,"Oceania","#00cd8f",190,188,188,566
"oceania",1950,"Oceania","#00cd8f",199,197,197,593
"oceania",1951,"Oceania","#00cd8f",199,197,197,593
"oceania",1952,"Oceania","#00cd8f",199,197,197,593
"oceania",1953,"Oceania","#00cd8f",199,197,197,593
"oceania",1954,"Oceania","#00cd8f",230,228,228,686
"oceania",1955,"Oceania","#00cd8f",225,223,223,671
"oceania",1956,"Oceania","#00cd8f",225,223,223,671
"oceania",1957,"Oceania","#00cd8f",225,221,221,667
"oceania",1958,"Oceania","#00cd8f",225,221,221,667
"oceania",1959,"Oceania","#00cd8f",226,222,222,670
"oceania",1960,"Oceania","#00cd8f",226,222,222,670
"oceania",1961,"Oceania","#00cd8f",250,246,246,742
"oceania",1962,"Oceania","#00cd8f",262,258,258,778
"oceania",1963,"Oceania","#00cd8f",263,259,259,781
"oceania",1964,"Oceania","#00cd8f",266,262,262,790
"oceania",1965,"Oceania","#00cd8f",266,262,262,790
"oceania",1966,"Oceania","#00cd8f",345,338,338,1021
"oceania",1967,"Oceania","#00cd8f",345,338,338,1021
"oceania",1968,"Oceania","#00cd8f",354,345,345,1044
"oceania",1969,"Oceania","#00cd8f",355,346,346,1047
"oceania",1970,"Oceania","#00cd8f",355,345,345,1045
"oceania",1971,"Oceania","#00cd8f",385,376,376,1137
"oceania",1972,"Oceania","#00cd8f",385,376,376,1137
"oceania",1973,"Oceania","#00cd8f",385,376,376,1137
"oceania",1974,"Oceania","#00cd8f",385,376,376,1137
"oceania",1975,"Oceania","#00cd8f",16,16,16,48
"oceania",1976,"Oceania","#00cd8f",16,16,16,48
"oceania",1977,"Oceania","#00cd8f",16,16,16,48
"oceania",1978,"Oceania","#00cd8f",16,16,16,48
"oceania",1979,"Oceania","#00cd8f",16,16,16,48
"oceania",1980,"Oceania","#00cd8f",22,22,22,66
"oceania",1981,"Oceania","#00cd8f",22,22,22,66
"oceania",1982,"Oceania","#00cd8f",22,22,22,66
"oceania",1983,"Oceania","#00cd8f",22,22,22,66
"oceania",1984,"Oceania","#00cd8f",22,22,22,66
"oceania",1985,"Oceania","#00cd8f",26,26,26,78
"oceania",1986,"Oceania","#00cd8f",26,26,26,78
"oceania",1987,"Oceania","#00cd8f",26,26,26,78
"oceania",1988,"Oceania","#00cd8f",26,26,26,78
"oceania",1989,"Oceania","#00cd8f",26,26,26,78
"oceania",1990,"Oceania","#00cd8f",26,26,26,78
"oceania",1991,"Oceania","#00cd8f",26,26,26,78
"oceania",1992,"Oceania","#00cd8f",26,26,26,78
"oceania",1993,"Oceania","#00cd8f",26,26,26,78
"oceania",1994,"Oceania","#00cd8f",26,26,26,78
"oceania",1995,"Oceania","#00cd8f",28,28,28,84
"oceania",1996,"Oceania","#00cd8f",28,28,28,84
"oceania",1997,"Oceania","#00cd8f",28,28,28,84
"oceania",1998,"Oceania","#00cd8f",28,28,28,84
"oceania",1999,"Oceania","#00cd8f",28,28,28,84
"oceania",2000,"Oceania","#00cd8f",32,32,32,96
"oceania",2001,"Oceania","#00cd8f",32,32,32,96
"oceania",2002,"Oceania","#00cd8f",32,32,32,96
"oceania",2003,"Oceania","#00cd8f",32,32,32,96
"oceania",2004,"Oceania","#00cd8f",32,32,32,96
"oceania",2005,"Oceania","#00cd8f",33,33,33,99
"oceania",2006,"Oceania","#00cd8f",33,33,33,99
"oceania",2007,"Oceania","#00cd8f",33,33,33,99
"oceania",2008,"Oceania","#00cd8f",33,33,33,99
"oceania",2009,"Oceania","#00cd8f",33,33,33,99
"oceania",2010,"Oceania","#00cd8f",36,36,36,108
"oceania",2011,"Oceania","#00cd8f",36,36,36,108
"oceania",2012,"Oceania","#00cd8f",36,36,36,108
"oceania",2013,"Oceania","#00cd8f",36,36,36,108
"oceania",2014,"Oceania","#00cd8f",36,36,36,108
"oceania",2015,"Oceania","#00cd8f",40,40,40,120
"oceania",2016,"Oceania","#00cd8f",40,40,40,120
"oceania",2017,"Oceania","#00cd8f",40,40,40,120
"oceania",2018,"Oceania","#00cd8f",40,40,40,120
"oceania",2019,"Oceania","#00cd8f",40,40,40,120
"oceania",2020,"Oceania","#00cd8f",50,50,50,150
"oceania",2021,"Oceania","#00cd8f",40,40,40,120
"oceania",2022,"Oceania","#00cd8f",40,40,40,120
"oceania",2023,"Oceania","#00cd8f",40,40,40,120
"oceania",-1000,"Oceania","#00cd8f",0,0,0,0
"oceania",-2000,"Oceania","#00cd8f",0,0,0,0
"oceania",-3000,"Oceania","#00cd8f",0,0,0,0
"oceania",-4000,"Oceania","#00cd8f",0,0,0,0
"oceania",-5000,"Oceania","#00cd8f",0,0,0,0
"oceania",-6000,"Oceania","#00cd8f",0,0,0,0
"oceania",-7000,"Oceania","#00cd8f",0,0,0,0
"oceania",-8000,"Oceania","#00cd8f",0,0,0,0
"oceania",-9000,"Oceania","#00cd8f",0,0,0,0
"oceania",-10000,"Oceania","#00cd8f",0,0,0,0
"oceania",2024,"Oceania","#00cd8f",40,40,40,120
"oceania",2025,"Oceania","#00cd8f",58,58,58,174
"indian_subcontinent",0,"Indian Subcontinent","#d69053",0,0,5,5
"indian_subcontinent",100,"Indian Subcontinent","#d69053",0,0,5,5
"indian_subcontinent",200,"Indian Subcontinent","#d69053",0,0,5,5
"indian_subcontinent",300,"Indian Subcontinent","#d69053",0,0,5,5
"indian_subcontinent",400,"Indian Subcontinent","#d69053",0,0,5,5
"indian_subcontinent",500,"Indian Subcontinent","#d69053",0,0,5,5
"indian_subcontinent",600,"Indian Subcontinent","#d69053",0,0,6,6
"indian_subcontinent",700,"Indian Subcontinent","#d69053",0,0,15,15
"indian_subcontinent",800,"Indian Subcontinent","#d69053",0,0,17,17
"indian_subcontinent",900,"Indian Subcontinent","#d69053",0,0,19,19
"indian_subcontinent",1000,"Indian Subcontinent","#d69053",0,0,20,20
"indian_subcontinent",1100,"Indian Subcontinent","#d69053",0,0,24,24
"indian_subcontinent",1200,"Indian Subcontinent","#d69053",0,0,31,31
"indian_subcontinent",1300,"Indian Subcontinent","#d69053",0,0,39,39
"indian_subcontinent",1400,"Indian Subcontinent","#d69053",0,0,44,44
"indian_subcontinent",1500,"Indian Subcontinent","#d69053",0,0,56,56
"indian_subcontinent",1600,"Indian Subcontinent","#d69053",0,0,68,68
"indian_subcontinent",1700,"Indian Subcontinent","#d69053",0,0,82,82
"indian_subcontinent",1710,"Indian Subcontinent","#d69053",0,0,82,82
"indian_subcontinent",1720,"Indian Subcontinent","#d69053",0,0,83,83
"indian_subcontinent",1730,"Indian Subcontinent","#d69053",0,0,84,84
"indian_subcontinent",1740,"Indian Subcontinent","#d69053",0,0,84,84
"indian_subcontinent",1750,"Indian Subcontinent","#d69053",0,0,91,91
"indian_subcontinent",1760,"Indian Subcontinent","#d69053",0,0,92,92
"indian_subcontinent",1770,"Indian Subcontinent","#d69053",0,0,91,91
"indian_subcontinent",1780,"Indian Subcontinent","#d69053",0,0,92,92
"indian_subcontinent",1790,"Indian Subcontinent","#d69053",0,0,93,93
"indian_subcontinent",1800,"Indian Subcontinent","#d69053",120,120,120,360
"indian_subcontinent",1810,"Indian Subcontinent","#d69053",120,118,118,356
"indian_subcontinent",1820,"Indian Subcontinent","#d69053",121,120,120,361
"indian_subcontinent",1830,"Indian Subcontinent","#d69053",122,121,121,364
"indian_subcontinent",1840,"Indian Subcontinent","#d69053",122,121,121,364
"indian_subcontinent",1850,"Indian Subcontinent","#d69053",129,128,129,386
"indian_subcontinent",1860,"Indian Subcontinent","#d69053",127,126,126,379
"indian_subcontinent",1870,"Indian Subcontinent","#d69053",127,126,126,379
"indian_subcontinent",1880,"Indian Subcontinent","#d69053",130,130,130,390
"indian_subcontinent",1890,"Indian Subcontinent","#d69053",138,138,138,414
"indian_subcontinent",1900,"Indian Subcontinent","#d69053",403,402,403,1208
"indian_subcontinent",1910,"Indian Subcontinent","#d69053",407,405,405,1217
"indian_subcontinent",1920,"Indian Subcontinent","#d69053",416,414,414,1244
"indian_subcontinent",1930,"Indian Subcontinent","#d69053",414,412,412,1238
"indian_subcontinent",1940,"Indian Subcontinent","#d69053",419,417,417,1253
"indian_subcontinent",1950,"Indian Subcontinent","#d69053",513,509,510,1532
"indian_subcontinent",1951,"Indian Subcontinent","#d69053",640,635,638,1913
"indian_subcontinent",1952,"Indian Subcontinent","#d69053",641,636,637,1914
"indian_subcontinent",1953,"Indian Subcontinent","#d69053",641,636,637,1914
"indian_subcontinent",1954,"Indian Subcontinent","#d69053",641,635,636,1912
"indian_subcontinent",1955,"Indian Subcontinent","#d69053",641,635,636,1912
"indian_subcontinent",1956,"Indian Subcontinent","#d69053",641,635,636,1912
"indian_subcontinent",1957,"Indian Subcontinent","#d69053",641,635,636,1912
"indian_subcontinent",1958,"Indian Subcontinent","#d69053",641,635,636,1912
"indian_subcontinent",1959,"Indian Subcontinent","#d69053",641,634,635,1910
"indian_subcontinent",1960,"Indian Subcontinent","#d69053",646,639,640,1925
"indian_subcontinent",1961,"Indian Subcontinent","#d69053",680,674,676,2030
"indian_subcontinent",1962,"Indian Subcontinent","#d69053",680,674,675,2029
"indian_subcontinent",1963,"Indian Subcontinent","#d69053",680,674,675,2029
"indian_subcontinent",1964,"Indian Subcontinent","#d69053",680,675,676,2031
"indian_subcontinent",1965,"Indian Subcontinent","#d69053",680,675,676,2031
"indian_subcontinent",1966,"Indian Subcontinent","#d69053",680,675,676,2031
"indian_subcontinent",1967,"Indian Subcontinent","#d69053",680,676,677,2033
"indian_subcontinent",1968,"Indian Subcontinent","#d69053",681,677,678,2036
"indian_subcontinent",1969,"Indian Subcontinent","#d69053",681,677,678,2036
"indian_subcontinent",1970,"Indian Subcontinent","#d69053",681,677,678,2036
"indian_subcontinent",1971,"Indian Subcontinent","#d69053",726,720,724,2170
"indian_subcontinent",1972,"Indian Subcontinent","#d69053",722,718,719,2159
"indian_subcontinent",1973,"Indian Subcontinent","#d69053",722,718,719,2159
"indian_subcontinent",1974,"Indian Subcontinent","#d69053",723,718,719,2160
"indian_subcontinent",1975,"Indian Subcontinent","#d69053",947,947,947,2841
"indian_subcontinent",1976,"Indian Subcontinent","#d69053",947,947,947,2841
"indian_subcontinent",1977,"Indian Subcontinent","#d69053",947,947,947,2841
"indian_subcontinent",1978,"Indian Subcontinent","#d69053",947,947,947,2841
"indian_subcontinent",1979,"Indian Subcontinent","#d69053",947,947,947,2841
"indian_subcontinent",1980,"Indian Subcontinent","#d69053",1027,1027,1027,3081
"indian_subcontinent",1981,"Indian Subcontinent","#d69053",1027,1027,1027,3081
"indian_subcontinent",1982,"Indian Subcontinent","#d69053",1027,1027,1027,3081
"indian_subcontinent",1983,"Indian Subcontinent","#d69053",1027,1027,1027,3081
"indian_subcontinent",1984,"Indian Subcontinent","#d69053",1027,1027,1027,3081
"indian_subcontinent",1985,"Indian Subcontinent","#d69053",1143,1143,1143,3429
"indian_subcontinent",1986,"Indian Subcontinent","#d69053",1143,1143,1143,3429
"indian_subcontinent",1987,"Indian Subcontinent","#d69053",1143,1143,1143,3429
"indian_subcontinent",1988,"Indian Subcontinent","#d69053",1143,1143,1143,3429
"indian_subcontinent",1989,"Indian Subcontinent","#d69053",1143,1143,1143,3429
"indian_subcontinent",1990,"Indian Subcontinent","#d69053",1229,1229,1229,3687
"indian_subcontinent",1991,"Indian Subcontinent","#d69053",1229,1229,1229,3687
"indian_subcontinent",1992,"Indian Subcontinent","#d69053",1229,1229,1229,3687
"indian_subcontinent",1993,"Indian Subcontinent","#d69053",1229,1229,1229,3687
"indian_subcontinent",1994,"Indian Subcontinent","#d69053",1229,1229,1229,3687
"indian_subcontinent",1995,"Indian Subcontinent","#d69053",1401,1401,1401,4203
"indian_subcontinent",1996,"Indian Subcontinent","#d69053",1401,1401,1401,4203
"indian_subcontinent",1997,"Indian Subcontinent","#d69053",1401,1401,1401,4203
"indian_subcontinent",1998,"Indian Subcontinent","#d69053",1401,1401,1401,4203
"indian_subcontinent",1999,"Indian Subcontinent","#d69053",1401,1401,1401,4203
"indian_subcontinent",2000,"Indian Subcontinent","#d69053",1584,1584,1584,4752
"indian_subcontinent",2001,"Indian Subcontinent","#d69053",1584,1584,1584,4752
"indian_subcontinent",2002,"Indian Subcontinent","#d69053",1584,1584,1584,4752
"indian_subcontinent",2003,"Indian Subcontinent","#d69053",1584,1584,1584,4752
"indian_subcontinent",2004,"Indian Subcontinent","#d69053",1584,1584,1584,4752
"indian_subcontinent",2005,"Indian Subcontinent","#d69053",1725,1725,1725,5175
"indian_subcontinent",2006,"Indian Subcontinent","#d69053",1725,1725,1725,5175
"indian_subcontinent",2007,"Indian Subcontinent","#d69053",1725,1725,1725,5175
"indian_subcontinent",2008,"Indian Subcontinent","#d69053",1725,1725,1725,5175
"indian_subcontinent",2009,"Indian Subcontinent","#d69053",1725,1725,1725,5175
"indian_subcontinent",2010,"Indian Subcontinent","#d69053",1830,1830,1830,5490
"indian_subcontinent",2011,"Indian Subcontinent","#d69053",1830,1830,1830,5490
"indian_subcontinent",2012,"Indian Subcontinent","#d69053",1830,1830,1830,5490
"indian_subcontinent",2013,"Indian Subcontinent","#d69053",1830,1830,1830,5490
"indian_subcontinent",2014,"Indian Subcontinent","#d69053",1830,1830,1830,5490
"indian_subcontinent",2015,"Indian Subcontinent","#d69053",1914,1914,1914,5742
"indian_subcontinent",2016,"Indian Subcontinent","#d69053",1914,1914,1914,5742
"indian_subcontinent",2017,"Indian Subcontinent","#d69053",1914,1914,1914,5742
"indian_subcontinent",2018,"Indian Subcontinent","#d69053",1914,1914,1914,5742
"indian_subcontinent",2019,"Indian Subcontinent","#d69053",1914,1914,1914,5742
"indian_subcontinent",2020,"Indian Subcontinent","#d69053",1981,1981,1981,5943
"indian_subcontinent",2021,"Indian Subcontinent","#d69053",1914,1914,1914,5742
"indian_subcontinent",2022,"Indian Subcontinent","#d69053",1914,1914,1914,5742
"indian_subcontinent",2023,"Indian Subcontinent","#d69053",1914,1914,1914,5742
"indian_subcontinent",-1000,"Indian Subcontinent","#d69053",0,0,0,0
"indian_subcontinent",-2000,"Indian Subcontinent","#d69053",0,0,2,2
"indian_subcontinent",-3000,"Indian Subcontinent","#d69053",0,0,0,0
"indian_subcontinent",-4000,"Indian Subcontinent","#d69053",0,0,0,0
"indian_subcontinent",-5000,"Indian Subcontinent","#d69053",0,0,0,0
"indian_subcontinent",-6000,"Indian Subcontinent","#d69053",0,0,0,0
"indian_subcontinent",-7000,"Indian Subcontinent","#d69053",0,0,0,0
"indian_subcontinent",-8000,"Indian Subcontinent","#d69053",0,0,0,0
"indian_subcontinent",-9000,"Indian Subcontinent","#d69053",0,0,0,0
"indian_subcontinent",-10000,"Indian Subcontinent","#d69053",0,0,0,0
"indian_subcontinent",2024,"Indian Subcontinent","#d69053",1914,1914,1914,5742
"indian_subcontinent",2025,"Indian Subcontinent","#d69053",2058,2058,2058,6174
"southeast_asia",0,"Southeast Asia","#6190a3",0,0,0,0
"southeast_asia",100,"Southeast Asia","#6190a3",0,0,0,0
"southeast_asia",200,"Southeast Asia","#6190a3",0,0,0,0
"southeast_asia",300,"Southeast Asia","#6190a3",0,0,0,0
"southeast_asia",400,"Southeast Asia","#6190a3",0,0,0,0
"southeast_asia",500,"Southeast Asia","#6190a3",0,0,0,0
"southeast_asia",600,"Southeast Asia","#6190a3",0,0,1,1
"southeast_asia",700,"Southeast Asia","#6190a3",0,0,3,3
"southeast_asia",800,"Southeast Asia","#6190a3",0,0,4,4
"southeast_asia",900,"Southeast Asia","#6190a3",0,0,4,4
"southeast_asia",1000,"Southeast Asia","#6190a3",0,0,4,4
"southeast_asia",1100,"Southeast Asia","#6190a3",0,0,5,5
"southeast_asia",1200,"Southeast Asia","#6190a3",0,0,5,5
"southeast_asia",1300,"Southeast Asia","#6190a3",0,0,8,8
"southeast_asia",1400,"Southeast Asia","#6190a3",0,0,14,14
"southeast_asia",1500,"Southeast Asia","#6190a3",0,0,14,14
"southeast_asia",1600,"Southeast Asia","#6190a3",0,0,20,20
"southeast_asia",1700,"Southeast Asia","#6190a3",0,0,21,21
"southeast_asia",1710,"Southeast Asia","#6190a3",0,0,21,21
"southeast_asia",1720,"Southeast Asia","#6190a3",0,0,21,21
"southeast_asia",1730,"Southeast Asia","#6190a3",0,0,21,21
"southeast_asia",1740,"Southeast Asia","#6190a3",0,0,21,21
"southeast_asia",1750,"Southeast Asia","#6190a3",0,0,22,22
"southeast_asia",1760,"Southeast Asia","#6190a3",0,0,22,22
"southeast_asia",1770,"Southeast Asia","#6190a3",0,0,22,22
"southeast_asia",1780,"Southeast Asia","#6190a3",0,0,22,22
"southeast_asia",1790,"Southeast Asia","#6190a3",0,0,23,23
"southeast_asia",1800,"Southeast Asia","#6190a3",28,28,28,84
"southeast_asia",1810,"Southeast Asia","#6190a3",28,28,28,84
"southeast_asia",1820,"Southeast Asia","#6190a3",28,28,28,84
"southeast_asia",1830,"Southeast Asia","#6190a3",28,28,28,84
"southeast_asia",1840,"Southeast Asia","#6190a3",28,28,28,84
"southeast_asia",1850,"Southeast Asia","#6190a3",30,30,30,90
"southeast_asia",1860,"Southeast Asia","#6190a3",32,32,32,96
"southeast_asia",1870,"Southeast Asia","#6190a3",32,32,32,96
"southeast_asia",1880,"Southeast Asia","#6190a3",46,46,46,138
"southeast_asia",1890,"Southeast Asia","#6190a3",76,76,77,229
"southeast_asia",1900,"Southeast Asia","#6190a3",92,92,92,276
"southeast_asia",1910,"Southeast Asia","#6190a3",121,121,121,363
"southeast_asia",1920,"Southeast Asia","#6190a3",151,151,151,453
"southeast_asia",1930,"Southeast Asia","#6190a3",263,263,264,790
"southeast_asia",1940,"Southeast Asia","#6190a3",377,377,378,1132
"southeast_asia",1950,"Southeast Asia","#6190a3",389,389,389,1167
"southeast_asia",1951,"Southeast Asia","#6190a3",389,389,389,1167
"southeast_asia",1952,"Southeast Asia","#6190a3",389,389,389,1167
"southeast_asia",1953,"Southeast Asia","#6190a3",398,398,405,1201
"southeast_asia",1954,"Southeast Asia","#6190a3",385,385,385,1155
"southeast_asia",1955,"Southeast Asia","#6190a3",386,385,385,1156
"southeast_asia",1956,"Southeast Asia","#6190a3",390,389,389,1168
"southeast_asia",1957,"Southeast Asia","#6190a3",422,421,421,1264
"southeast_asia",1958,"Southeast Asia","#6190a3",418,417,417,1252
"southeast_asia",1959,"Southeast Asia","#6190a3",418,417,417,1252
"southeast_asia",1960,"Southeast Asia","#6190a3",545,544,545,1634
"southeast_asia",1961,"Southeast Asia","#6190a3",554,553,555,1662
"southeast_asia",1962,"Southeast Asia","#6190a3",565,564,565,1694
"southeast_asia",1963,"Southeast Asia","#6190a3",559,558,558,1675
"southeast_asia",1964,"Southeast Asia","#6190a3",563,561,561,1685
"southeast_asia",1965,"Southeast Asia","#6190a3",563,561,561,1685
"southeast_asia",1966,"Southeast Asia","#6190a3",581,579,579,1739
"southeast_asia",1967,"Southeast Asia","#6190a3",584,582,582,1748
"southeast_asia",1968,"Southeast Asia","#6190a3",589,587,622,1798
"southeast_asia",1969,"Southeast Asia","#6190a3",579,577,577,1733
"southeast_asia",1970,"Southeast Asia","#6190a3",578,576,588,1742
"southeast_asia",1971,"Southeast Asia","#6190a3",577,575,576,1728
"southeast_asia",1972,"Southeast Asia","#6190a3",577,576,576,1729
"southeast_asia",1973,"Southeast Asia","#6190a3",578,577,577,1732
"southeast_asia",1974,"Southeast Asia","#6190a3",578,577,577,1732
"southeast_asia",1975,"Southeast Asia","#6190a3",310,310,310,930
"southeast_asia",1976,"Southeast Asia","#6190a3",310,310,310,930
"southeast_asia",1977,"Southeast Asia","#6190a3",310,310,310,930
"southeast_asia",1978,"Southeast Asia","#6190a3",310,310,310,930
"southeast_asia",1979,"Southeast Asia","#6190a3",310,310,310,930
"southeast_asia",1980,"Southeast Asia","#6190a3",345,345,345,1035
"southeast_asia",1981,"Southeast Asia","#6190a3",345,345,345,1035
"southeast_asia",1982,"Southeast Asia","#6190a3",345,345,345,1035
"southeast_asia",1983,"Southeast Asia","#6190a3",345,345,345,1035
"southeast_asia",1984,"Southeast Asia","#6190a3",345,345,345,1035
"southeast_asia",1985,"Southeast Asia","#6190a3",393,393,393,1179
"southeast_asia",1986,"Southeast Asia","#6190a3",393,393,393,1179
"southeast_asia",1987,"Southeast Asia","#6190a3",393,393,393,1179
"southeast_asia",1988,"Southeast Asia","#6190a3",393,393,393,1179
"southeast_asia",1989,"Southeast Asia","#6190a3",393,393,393,1179
"southeast_asia",1990,"Southeast Asia","#6190a3",452,452,452,1356
"southeast_asia",1991,"Southeast Asia","#6190a3",452,452,452,1356
"southeast_asia",1992,"Southeast Asia","#6190a3",452,452,452,1356
"southeast_asia",1993,"Southeast Asia","#6190a3",452,452,452,1356
"southeast_asia",1994,"Southeast Asia","#6190a3",452,452,452,1356
"southeast_asia",1995,"Southeast Asia","#6190a3",524,524,524,1572
"southeast_asia",1996,"Southeast Asia","#6190a3",524,524,524,1572
"southeast_asia",1997,"Southeast Asia","#6190a3",524,524,524,1572
"southeast_asia",1998,"Southeast Asia","#6190a3",524,524,524,1572
"southeast_asia",1999,"Southeast Asia","#6190a3",524,524,524,1572
"southeast_asia",2000,"Southeast Asia","#6190a3",597,597,597,1791
"southeast_asia",2001,"Southeast Asia","#6190a3",597,597,597,1791
"southeast_asia",2002,"Southeast Asia","#6190a3",597,597,597,1791
"southeast_asia",2003,"Southeast Asia","#6190a3",597,597,597,1791
"southeast_asia",2004,"Southeast Asia","#6190a3",597,597,597,1791
"southeast_asia",2005,"Southeast Asia","#6190a3",655,655,655,1965
"southeast_asia",2006,"Southeast Asia","#6190a3",655,655,655,1965
"southeast_asia",2007,"Southeast Asia","#6190a3",655,655,655,1965
"southeast_asia",2008,"Southeast Asia","#6190a3",655,655,655,1965
"southeast_asia",2009,"Southeast Asia","#6190a3",655,655,655,1965
"southeast_asia",2010,"Southeast Asia","#6190a3",708,708,708,2124
"southeast_asia",2011,"Southeast Asia","#6190a3",708,708,708,2124
"southeast_asia",2012,"Southeast Asia","#6190a3",708,708,708,2124
"southeast_asia",2013,"Southeast Asia","#6190a3",708,708,708,2124
"southeast_asia",2014,"Southeast Asia","#6190a3",708,708,708,2124
"southeast_asia",2015,"Southeast Asia","#6190a3",758,758,758,2274
"southeast_asia",2016,"Southeast Asia","#6190a3",758,758,758,2274
"southeast_asia",2017,"Southeast Asia","#6190a3",758,758,758,2274
"southeast_asia",2018,"Southeast Asia","#6190a3",758,758,758,2274
"southeast_asia",2019,"Southeast Asia","#6190a3",758,758,758,2274
"southeast_asia",2020,"Southeast Asia","#6190a3",803,803,803,2409
"southeast_asia",2021,"Southeast Asia","#6190a3",758,758,758,2274
"southeast_asia",2022,"Southeast Asia","#6190a3",758,758,758,2274
"southeast_asia",2023,"Southeast Asia","#6190a3",758,758,758,2274
"southeast_asia",-1000,"Southeast Asia","#6190a3",0,0,0,0
"southeast_asia",-2000,"Southeast Asia","#6190a3",0,0,0,0
"southeast_asia",-3000,"Southeast Asia","#6190a3",0,0,0,0
"southeast_asia",-4000,"Southeast Asia","#6190a3",0,0,0,0
"southeast_asia",-5000,"Southeast Asia","#6190a3",0,0,0,0
"southeast_asia",-6000,"Southeast Asia","#6190a3",0,0,0,0
"southeast_asia",-7000,"Southeast Asia","#6190a3",0,0,0,0
"southeast_asia",-8000,"Southeast Asia","#6190a3",0,0,0,0
"southeast_asia",-9000,"Southeast Asia","#6190a3",0,0,0,0
"southeast_asia",-10000,"Southeast Asia","#6190a3",0,0,0,0
"southeast_asia",2024,"Southeast Asia","#6190a3",758,758,758,2274
"southeast_asia",2025,"Southeast Asia","#6190a3",839,839,839,2517
"eastasia",0,"East Asia","#ad3e3e",0,0,17,17
"eastasia",100,"East Asia","#ad3e3e",0,0,15,15
"eastasia",200,"East Asia","#ad3e3e",0,0,15,15
"eastasia",300,"East Asia","#ad3e3e",0,0,15,15
"eastasia",400,"East Asia","#ad3e3e",0,0,17,17
"eastasia",500,"East Asia","#ad3e3e",0,0,17,17
"eastasia",600,"East Asia","#ad3e3e",0,0,19,19
"eastasia",700,"East Asia","#ad3e3e",0,0,22,22
"eastasia",800,"East Asia","#ad3e3e",0,0,28,28
"eastasia",900,"East Asia","#ad3e3e",0,0,32,32
"eastasia",1000,"East Asia","#ad3e3e",0,0,37,37
"eastasia",1100,"East Asia","#ad3e3e",0,0,43,43
"eastasia",1200,"East Asia","#ad3e3e",0,0,47,47
"eastasia",1300,"East Asia","#ad3e3e",0,0,47,47
"eastasia",1400,"East Asia","#ad3e3e",0,0,54,54
"eastasia",1500,"East Asia","#ad3e3e",0,0,58,58
"eastasia",1600,"East Asia","#ad3e3e",0,0,65,65
"eastasia",1700,"East Asia","#ad3e3e",0,0,79,79
"eastasia",1710,"East Asia","#ad3e3e",0,0,79,79
"eastasia",1720,"East Asia","#ad3e3e",0,0,81,81
"eastasia",1730,"East Asia","#ad3e3e",0,0,83,83
"eastasia",1740,"East Asia","#ad3e3e",0,0,84,84
"eastasia",1750,"East Asia","#ad3e3e",0,0,85,85
"eastasia",1760,"East Asia","#ad3e3e",0,0,85,85
"eastasia",1770,"East Asia","#ad3e3e",0,0,86,86
"eastasia",1780,"East Asia","#ad3e3e",0,0,86,86
"eastasia",1790,"East Asia","#ad3e3e",0,0,86,86
"eastasia",1800,"East Asia","#ad3e3e",104,104,104,312
"eastasia",1810,"East Asia","#ad3e3e",104,103,103,310
"eastasia",1820,"East Asia","#ad3e3e",104,103,103,310
"eastasia",1830,"East Asia","#ad3e3e",105,104,104,313
"eastasia",1840,"East Asia","#ad3e3e",105,104,104,313
"eastasia",1850,"East Asia","#ad3e3e",106,105,105,316
"eastasia",1860,"East Asia","#ad3e3e",106,105,105,316
"eastasia",1870,"East Asia","#ad3e3e",105,105,105,315
"eastasia",1880,"East Asia","#ad3e3e",135,134,134,403
"eastasia",1890,"East Asia","#ad3e3e",145,144,144,433
"eastasia",1900,"East Asia","#ad3e3e",342,340,342,1024
"eastasia",1910,"East Asia","#ad3e3e",344,342,342,1028
"eastasia",1920,"East Asia","#ad3e3e",359,357,357,1073
"eastasia",1930,"East Asia","#ad3e3e",376,374,374,1124
"eastasia",1940,"East Asia","#ad3e3e",456,453,454,1363
"eastasia",1950,"East Asia","#ad3e3e",618,613,613,1844
"eastasia",1951,"East Asia","#ad3e3e",618,613,613,1844
"eastasia",1952,"East Asia","#ad3e3e",618,613,613,1844
"eastasia",1953,"East Asia","#ad3e3e",658,653,653,1964
"eastasia",1954,"East Asia","#ad3e3e",658,654,654,1966
"eastasia",1955,"East Asia","#ad3e3e",697,692,692,2081
"eastasia",1956,"East Asia","#ad3e3e",697,692,692,2081
"eastasia",1957,"East Asia","#ad3e3e",697,691,691,2079
"eastasia",1958,"East Asia","#ad3e3e",717,711,711,2139
"eastasia",1959,"East Asia","#ad3e3e",731,725,725,2181
"eastasia",1960,"East Asia","#ad3e3e",781,776,778,2335
"eastasia",1961,"East Asia","#ad3e3e",783,779,779,2341
"eastasia",1962,"East Asia","#ad3e3e",782,778,778,2338
"eastasia",1963,"East Asia","#ad3e3e",782,778,778,2338
"eastasia",1964,"East Asia","#ad3e3e",782,778,778,2338
"eastasia",1965,"East Asia","#ad3e3e",788,784,792,2364
"eastasia",1966,"East Asia","#ad3e3e",814,810,810,2434
"eastasia",1967,"East Asia","#ad3e3e",816,812,812,2440
"eastasia",1968,"East Asia","#ad3e3e",816,813,813,2442
"eastasia",1969,"East Asia","#ad3e3e",815,812,813,2440
"eastasia",1970,"East Asia","#ad3e3e",867,863,864,2594
"eastasia",1971,"East Asia","#ad3e3e",874,870,871,2615
"eastasia",1972,"East Asia","#ad3e3e",868,864,864,2596
"eastasia",1973,"East Asia","#ad3e3e",868,865,865,2598
"eastasia",1974,"East Asia","#ad3e3e",868,865,865,2598
"eastasia",1975,"East Asia","#ad3e3e",1453,1453,1453,4359
"eastasia",1976,"East Asia","#ad3e3e",1453,1453,1453,4359
"eastasia",1977,"East Asia","#ad3e3e",1453,1453,1453,4359
"eastasia",1978,"East Asia","#ad3e3e",1453,1453,1453,4359
"eastasia",1979,"East Asia","#ad3e3e",1453,1453,1453,4359
"eastasia",1980,"East Asia","#ad3e3e",1538,1538,1538,4614
"eastasia",1981,"East Asia","#ad3e3e",1538,1538,1538,4614
"eastasia",1982,"East Asia","#ad3e3e",1538,1538,1538,4614
"eastasia",1983,"East Asia","#ad3e3e",1538,1538,1538,4614
"eastasia",1984,"East Asia","#ad3e3e",1538,1538,1538,4614
"eastasia",1985,"East Asia","#ad3e3e",1633,1633,1633,4899
"eastasia",1986,"East Asia","#ad3e3e",1633,1633,1633,4899
"eastasia",1987,"East Asia","#ad3e3e",1633,1633,1633,4899
"eastasia",1988,"East Asia","#ad3e3e",1633,1633,1633,4899
"eastasia",1989,"East Asia","#ad3e3e",1633,1633,1633,4899
"eastasia",1990,"East Asia","#ad3e3e",1734,1734,1734,5202
"eastasia",1991,"East Asia","#ad3e3e",1734,1734,1734,5202
"eastasia",1992,"East Asia","#ad3e3e",1734,1734,1734,5202
"eastasia",1993,"East Asia","#ad3e3e",1734,1734,1734,5202
"eastasia",1994,"East Asia","#ad3e3e",1734,1734,1734,5202
"eastasia",1995,"East Asia","#ad3e3e",1832,1832,1832,5496
"eastasia",1996,"East Asia","#ad3e3e",1832,1832,1832,5496
"eastasia",1997,"East Asia","#ad3e3e",1832,1832,1832,5496
"eastasia",1998,"East Asia","#ad3e3e",1832,1832,1832,5496
"eastasia",1999,"East Asia","#ad3e3e",1832,1832,1832,5496
"eastasia",2000,"East Asia","#ad3e3e",1900,1900,1900,5700
"eastasia",2001,"East Asia","#ad3e3e",1900,1900,1900,5700
"eastasia",2002,"East Asia","#ad3e3e",1900,1900,1900,5700
"eastasia",2003,"East Asia","#ad3e3e",1900,1900,1900,5700
"eastasia",2004,"East Asia","#ad3e3e",1900,1900,1900,5700
"eastasia",2005,"East Asia","#ad3e3e",1971,1971,1971,5913
"eastasia",2006,"East Asia","#ad3e3e",1971,1971,1971,5913
"eastasia",2007,"East Asia","#ad3e3e",1971,1971,1971,5913
"eastasia",2008,"East Asia","#ad3e3e",1971,1971,1971,5913
"eastasia",2009,"East Asia","#ad3e3e",1971,1971,1971,5913
"eastasia",2010,"East Asia","#ad3e3e",2039,2039,2039,6117
"eastasia",2011,"East Asia","#ad3e3e",2039,2039,2039,6117
"eastasia",2012,"East Asia","#ad3e3e",2039,2039,2039,6117
"eastasia",2013,"East Asia","#ad3e3e",2039,2039,2039,6117
"eastasia",2014,"East Asia","#ad3e3e",2039,2039,2039,6117
"eastasia",2015,"East Asia","#ad3e3e",2092,2092,2092,6276
"eastasia",2016,"East Asia","#ad3e3e",2092,2092,2092,6276
"eastasia",2017,"East Asia","#ad3e3e",2092,2092,2092,6276
"eastasia",2018,"East Asia","#ad3e3e",2092,2092,2092,6276
"eastasia",2019,"East Asia","#ad3e3e",2092,2092,2092,6276
"eastasia",2020,"East Asia","#ad3e3e",2142,2142,2142,6426
"eastasia",2021,"East Asia","#ad3e3e",2092,2092,2092,6276
"eastasia",2022,"East Asia","#ad3e3e",2092,2092,2092,6276
"eastasia",2023,"East Asia","#ad3e3e",2092,2092,2092,6276
"eastasia",-1000,"East Asia","#ad3e3e",0,0,4,4
"eastasia",-2000,"East Asia","#ad3e3e",0,0,0,0
"eastasia",-3000,"East Asia","#ad3e3e",0,0,0,0
"eastasia",-4000,"East Asia","#ad3e3e",0,0,0,0
"eastasia",-5000,"East Asia","#ad3e3e",0,0,0,0
"eastasia",-6000,"East Asia","#ad3e3e",0,0,0,0
"eastasia",-7000,"East Asia","#ad3e3e",0,0,0,0
"eastasia",-8000,"East Asia","#ad3e3e",0,0,0,0
"eastasia",-9000,"East Asia","#ad3e3e",0,0,0,0
"eastasia",-10000,"East Asia","#ad3e3e",0,0,0,0
"eastasia",2024,"East Asia","#ad3e3e",2092,2092,2092,6276
"eastasia",2025,"East Asia","#ad3e3e",2176,2176,2176,6528